ISO-10303-21;
HEADER;
FILE_DESCRIPTION(('FreeCAD Model'),'2;1');
FILE_NAME('Open CASCADE Shape Model','2026-10-03T23:21:53',(''),(''),
  'Open CASCADE STEP processor 7.8','FreeCAD','Unknown');
FILE_SCHEMA(('AUTOMOTIVE_DESIGN { 1 0 10303 214 1 1 1 1 }'));
ENDSEC;
DATA;
#1 = APPLICATION_PROTOCOL_DEFINITION('international standard',
  'automotive_design',2000,#2);
#2 = APPLICATION_CONTEXT(
  'core data for automotive mechanical design processes');
#3 = SHAPE_DEFINITION_REPRESENTATION(#4,#10);
#4 = PRODUCT_DEFINITION_SHAPE('','',#5);
#5 = PRODUCT_DEFINITION('design','',#6,#9);
#6 = PRODUCT_DEFINITION_FORMATION('','',#7);
#7 = PRODUCT('pcb_enclosure','pcb_enclosure','',(#8));
#8 = PRODUCT_CONTEXT('',#2,'mechanical');
#9 = PRODUCT_DEFINITION_CONTEXT('part definition',#2,'design');
#10 = SHAPE_REPRESENTATION('',(#11,#15,#19),#23);
#11 = AXIS2_PLACEMENT_3D('',#12,#13,#14);
#12 = CARTESIAN_POINT('',(0.,0.,0.));
#13 = DIRECTION('',(0.,0.,1.));
#14 = DIRECTION('',(1.,0.,-0.));
#15 = AXIS2_PLACEMENT_3D('',#16,#17,#18);
#16 = CARTESIAN_POINT('',(0.,0.,0.));
#17 = DIRECTION('',(0.,0.,1.));
#18 = DIRECTION('',(1.,0.,0.));
#19 = AXIS2_PLACEMENT_3D('',#20,#21,#22);
#20 = CARTESIAN_POINT('',(0.,0.,0.));
#21 = DIRECTION('',(0.,0.,1.));
#22 = DIRECTION('',(1.,0.,0.));
#23 = ( GEOMETRIC_REPRESENTATION_CONTEXT(3) 
GLOBAL_UNCERTAINTY_ASSIGNED_CONTEXT((#27)) GLOBAL_UNIT_ASSIGNED_CONTEXT(
(#24,#25,#26)) REPRESENTATION_CONTEXT('Context #1',
  '3D Context with UNIT and UNCERTAINTY') );
#24 = ( LENGTH_UNIT() NAMED_UNIT(*) SI_UNIT(.MILLI.,.METRE.) );
#25 = ( NAMED_UNIT(*) PLANE_ANGLE_UNIT() SI_UNIT($,.RADIAN.) );
#26 = ( NAMED_UNIT(*) SI_UNIT($,.STERADIAN.) SOLID_ANGLE_UNIT() );
#27 = UNCERTAINTY_MEASURE_WITH_UNIT(LENGTH_MEASURE(5.E-07),#24,
  'distance_accuracy_value','confusion accuracy');
#28 = PRODUCT_RELATED_PRODUCT_CATEGORY('part',$,(#7));
#29 = SHAPE_DEFINITION_REPRESENTATION(#30,#36);
#30 = PRODUCT_DEFINITION_SHAPE('','',#31);
#31 = PRODUCT_DEFINITION('design','',#32,#35);
#32 = PRODUCT_DEFINITION_FORMATION('','',#33);
#33 = PRODUCT('Bottom','Bottom','',(#34));
#34 = PRODUCT_CONTEXT('',#2,'mechanical');
#35 = PRODUCT_DEFINITION_CONTEXT('part definition',#2,'design');
#36 = ADVANCED_BREP_SHAPE_REPRESENTATION('',(#11,#37),#2145);
#37 = MANIFOLD_SOLID_BREP('',#38);
#38 = CLOSED_SHELL('',(#39,#127,#158,#189,#220,#324,#492,#516,#540,#564,
    #588,#605,#629,#653,#695,#728,#761,#785,#832,#856,#903,#998,#1022,
    #1046,#1063,#1093,#1110,#1142,#1166,#1190,#1214,#1277,#1301,#1325,
    #1342,#1366,#1390,#1414,#1455,#1472,#1489,#1506,#1528,#1553,#1565,
    #1577,#1589,#1606,#1623,#1704,#1728,#1803,#1820,#1832,#1844,#1880,
    #1897,#1914,#1934,#1951,#1968,#1980,#1992,#2017,#2034,#2059,#2084,
    #2109,#2127));
#39 = ADVANCED_FACE('',(#40),#122,.T.);
#40 = FACE_BOUND('',#41,.T.);
#41 = EDGE_LOOP('',(#42,#52,#60,#68,#76,#84,#92,#100,#108,#116));
#42 = ORIENTED_EDGE('',*,*,#43,.T.);
#43 = EDGE_CURVE('',#44,#46,#48,.T.);
#44 = VERTEX_POINT('',#45);
#45 = CARTESIAN_POINT('',(11.905,22.78,1.E-15));
#46 = VERTEX_POINT('',#47);
#47 = CARTESIAN_POINT('',(-11.905,22.78,1.E-15));
#48 = LINE('',#49,#50);
#49 = CARTESIAN_POINT('',(12.305,22.78,8.9E-16));
#50 = VECTOR('',#51,1.);
#51 = DIRECTION('',(-1.,0.,0.));
#52 = ORIENTED_EDGE('',*,*,#53,.F.);
#53 = EDGE_CURVE('',#54,#46,#56,.T.);
#54 = VERTEX_POINT('',#55);
#55 = CARTESIAN_POINT('',(-11.905,22.78,2.6));
#56 = LINE('',#57,#58);
#57 = CARTESIAN_POINT('',(-11.905,22.78,2.6));
#58 = VECTOR('',#59,1.);
#59 = DIRECTION('',(-0.,-0.,-1.));
#60 = ORIENTED_EDGE('',*,*,#61,.F.);
#61 = EDGE_CURVE('',#62,#54,#64,.T.);
#62 = VERTEX_POINT('',#63);
#63 = CARTESIAN_POINT('',(-6.095,22.78,2.6));
#64 = LINE('',#65,#66);
#65 = CARTESIAN_POINT('',(12.305,22.78,2.6));
#66 = VECTOR('',#67,1.);
#67 = DIRECTION('',(-1.,0.,0.));
#68 = ORIENTED_EDGE('',*,*,#69,.T.);
#69 = EDGE_CURVE('',#62,#70,#72,.T.);
#70 = VERTEX_POINT('',#71);
#71 = CARTESIAN_POINT('',(-6.095,22.78,0.55));
#72 = LINE('',#73,#74);
#73 = CARTESIAN_POINT('',(-6.095,22.78,2.6));
#74 = VECTOR('',#75,1.);
#75 = DIRECTION('',(-0.,-0.,-1.));
#76 = ORIENTED_EDGE('',*,*,#77,.F.);
#77 = EDGE_CURVE('',#78,#70,#80,.T.);
#78 = VERTEX_POINT('',#79);
#79 = CARTESIAN_POINT('',(-5.795,22.78,0.25));
#80 = LINE('',#81,#82);
#81 = CARTESIAN_POINT('',(-1.9325,22.78,-3.6125));
#82 = VECTOR('',#83,1.);
#83 = DIRECTION('',(-0.707106781187,0.,0.707106781187));
#84 = ORIENTED_EDGE('',*,*,#85,.T.);
#85 = EDGE_CURVE('',#78,#86,#88,.T.);
#86 = VERTEX_POINT('',#87);
#87 = CARTESIAN_POINT('',(5.805,22.78,0.25));
#88 = LINE('',#89,#90);
#89 = CARTESIAN_POINT('',(-6.095,22.78,0.25));
#90 = VECTOR('',#91,1.);
#91 = DIRECTION('',(1.,0.,0.));
#92 = ORIENTED_EDGE('',*,*,#93,.F.);
#93 = EDGE_CURVE('',#94,#86,#96,.T.);
#94 = VERTEX_POINT('',#95);
#95 = CARTESIAN_POINT('',(6.105,22.78,0.55));
#96 = LINE('',#97,#98);
#97 = CARTESIAN_POINT('',(8.0925,22.78,2.5375));
#98 = VECTOR('',#99,1.);
#99 = DIRECTION('',(-0.707106781187,0.,-0.707106781187));
#100 = ORIENTED_EDGE('',*,*,#101,.F.);
#101 = EDGE_CURVE('',#102,#94,#104,.T.);
#102 = VERTEX_POINT('',#103);
#103 = CARTESIAN_POINT('',(6.105,22.78,2.6));
#104 = LINE('',#105,#106);
#105 = CARTESIAN_POINT('',(6.105,22.78,2.6));
#106 = VECTOR('',#107,1.);
#107 = DIRECTION('',(-0.,-0.,-1.));
#108 = ORIENTED_EDGE('',*,*,#109,.F.);
#109 = EDGE_CURVE('',#110,#102,#112,.T.);
#110 = VERTEX_POINT('',#111);
#111 = CARTESIAN_POINT('',(11.905,22.78,2.6));
#112 = LINE('',#113,#114);
#113 = CARTESIAN_POINT('',(12.305,22.78,2.6));
#114 = VECTOR('',#115,1.);
#115 = DIRECTION('',(-1.,0.,0.));
#116 = ORIENTED_EDGE('',*,*,#117,.T.);
#117 = EDGE_CURVE('',#110,#44,#118,.T.);
#118 = LINE('',#119,#120);
#119 = CARTESIAN_POINT('',(11.905,22.78,2.6));
#120 = VECTOR('',#121,1.);
#121 = DIRECTION('',(-0.,-0.,-1.));
#122 = PLANE('',#123);
#123 = AXIS2_PLACEMENT_3D('',#124,#125,#126);
#124 = CARTESIAN_POINT('',(12.305,22.78,2.6));
#125 = DIRECTION('',(0.,1.,0.));
#126 = DIRECTION('',(-1.,0.,0.));
#127 = ADVANCED_FACE('',(#128),#153,.F.);
#128 = FACE_BOUND('',#129,.F.);
#129 = EDGE_LOOP('',(#130,#131,#139,#147));
#130 = ORIENTED_EDGE('',*,*,#43,.T.);
#131 = ORIENTED_EDGE('',*,*,#132,.T.);
#132 = EDGE_CURVE('',#46,#133,#135,.T.);
#133 = VERTEX_POINT('',#134);
#134 = CARTESIAN_POINT('',(-11.905,18.08,-4.7));
#135 = LINE('',#136,#137);
#136 = CARTESIAN_POINT('',(-11.905,22.78,-3.28E-15));
#137 = VECTOR('',#138,1.);
#138 = DIRECTION('',(-2.1E-14,-0.707106781187,-0.707106781187));
#139 = ORIENTED_EDGE('',*,*,#140,.F.);
#140 = EDGE_CURVE('',#141,#133,#143,.T.);
#141 = VERTEX_POINT('',#142);
#142 = CARTESIAN_POINT('',(11.905,18.08,-4.7));
#143 = LINE('',#144,#145);
#144 = CARTESIAN_POINT('',(12.305,18.08,-4.7));
#145 = VECTOR('',#146,1.);
#146 = DIRECTION('',(-1.,0.,0.));
#147 = ORIENTED_EDGE('',*,*,#148,.F.);
#148 = EDGE_CURVE('',#44,#141,#149,.T.);
#149 = LINE('',#150,#151);
#150 = CARTESIAN_POINT('',(11.905,22.78,1.78E-15));
#151 = VECTOR('',#152,1.);
#152 = DIRECTION('',(0.,-0.707106781187,-0.707106781187));
#153 = PLANE('',#154);
#154 = AXIS2_PLACEMENT_3D('',#155,#156,#157);
#155 = CARTESIAN_POINT('',(12.305,20.43,-2.35));
#156 = DIRECTION('',(0.,-0.707106781187,0.707106781187));
#157 = DIRECTION('',(-1.,0.,0.));
#158 = ADVANCED_FACE('',(#159),#184,.T.);
#159 = FACE_BOUND('',#160,.F.);
#160 = EDGE_LOOP('',(#161,#169,#170,#178));
#161 = ORIENTED_EDGE('',*,*,#162,.F.);
#162 = EDGE_CURVE('',#110,#163,#165,.T.);
#163 = VERTEX_POINT('',#164);
#164 = CARTESIAN_POINT('',(12.305,22.38,2.6));
#165 = LINE('',#166,#167);
#166 = CARTESIAN_POINT('',(15.30875,19.37625,2.6));
#167 = VECTOR('',#168,1.);
#168 = DIRECTION('',(0.707106781187,-0.707106781187,0.));
#169 = ORIENTED_EDGE('',*,*,#117,.T.);
#170 = ORIENTED_EDGE('',*,*,#171,.T.);
#171 = EDGE_CURVE('',#44,#172,#174,.T.);
#172 = VERTEX_POINT('',#173);
#173 = CARTESIAN_POINT('',(12.305,22.38,0.165685424949));
#174 = LINE('',#175,#176);
#175 = CARTESIAN_POINT('',(12.337164926068,22.347835073932,
    0.179008573559));
#176 = VECTOR('',#177,1.);
#177 = DIRECTION('',(0.678598344546,-0.678598344546,0.281084637715));
#178 = ORIENTED_EDGE('',*,*,#179,.F.);
#179 = EDGE_CURVE('',#163,#172,#180,.T.);
#180 = LINE('',#181,#182);
#181 = CARTESIAN_POINT('',(12.305,22.38,2.6));
#182 = VECTOR('',#183,1.);
#183 = DIRECTION('',(-0.,-0.,-1.));
#184 = PLANE('',#185);
#185 = AXIS2_PLACEMENT_3D('',#186,#187,#188);
#186 = CARTESIAN_POINT('',(12.105,22.58,2.6));
#187 = DIRECTION('',(0.707106781187,0.707106781187,0.));
#188 = DIRECTION('',(0.,0.,1.));
#189 = ADVANCED_FACE('',(#190),#215,.T.);
#190 = FACE_BOUND('',#191,.T.);
#191 = EDGE_LOOP('',(#192,#200,#201,#209));
#192 = ORIENTED_EDGE('',*,*,#193,.F.);
#193 = EDGE_CURVE('',#54,#194,#196,.T.);
#194 = VERTEX_POINT('',#195);
#195 = CARTESIAN_POINT('',(-12.305,22.38,2.6));
#196 = LINE('',#197,#198);
#197 = CARTESIAN_POINT('',(-15.30875,19.37625,2.6));
#198 = VECTOR('',#199,1.);
#199 = DIRECTION('',(-0.707106781187,-0.707106781187,0.));
#200 = ORIENTED_EDGE('',*,*,#53,.T.);
#201 = ORIENTED_EDGE('',*,*,#202,.T.);
#202 = EDGE_CURVE('',#46,#203,#205,.T.);
#203 = VERTEX_POINT('',#204);
#204 = CARTESIAN_POINT('',(-12.305,22.38,0.165685424949));
#205 = LINE('',#206,#207);
#206 = CARTESIAN_POINT('',(-12.33716492606,22.347835073932,
    0.179008573559));
#207 = VECTOR('',#208,1.);
#208 = DIRECTION('',(-0.678598344546,-0.678598344546,0.281084637715));
#209 = ORIENTED_EDGE('',*,*,#210,.F.);
#210 = EDGE_CURVE('',#194,#203,#211,.T.);
#211 = LINE('',#212,#213);
#212 = CARTESIAN_POINT('',(-12.305,22.38,2.6));
#213 = VECTOR('',#214,1.);
#214 = DIRECTION('',(-0.,-0.,-1.));
#215 = PLANE('',#216);
#216 = AXIS2_PLACEMENT_3D('',#217,#218,#219);
#217 = CARTESIAN_POINT('',(-12.105,22.58,2.6));
#218 = DIRECTION('',(-0.707106781187,0.707106781187,0.));
#219 = DIRECTION('',(0.,0.,-1.));
#220 = ADVANCED_FACE('',(#221),#319,.T.);
#221 = FACE_BOUND('',#222,.T.);
#222 = EDGE_LOOP('',(#223,#224,#225,#233,#241,#249,#257,#265,#273,#281,
    #289,#297,#305,#313));
#223 = ORIENTED_EDGE('',*,*,#162,.F.);
#224 = ORIENTED_EDGE('',*,*,#109,.T.);
#225 = ORIENTED_EDGE('',*,*,#226,.T.);
#226 = EDGE_CURVE('',#102,#227,#229,.T.);
#227 = VERTEX_POINT('',#228);
#228 = CARTESIAN_POINT('',(6.105,20.78,2.6));
#229 = LINE('',#230,#231);
#230 = CARTESIAN_POINT('',(6.105,22.78,2.6));
#231 = VECTOR('',#232,1.);
#232 = DIRECTION('',(1.78E-15,-1.,0.));
#233 = ORIENTED_EDGE('',*,*,#234,.F.);
#234 = EDGE_CURVE('',#235,#227,#237,.T.);
#235 = VERTEX_POINT('',#236);
#236 = CARTESIAN_POINT('',(10.305,20.78,2.6));
#237 = LINE('',#238,#239);
#238 = CARTESIAN_POINT('',(12.305,20.78,2.6));
#239 = VECTOR('',#240,1.);
#240 = DIRECTION('',(-1.,0.,0.));
#241 = ORIENTED_EDGE('',*,*,#242,.F.);
#242 = EDGE_CURVE('',#243,#235,#245,.T.);
#243 = VERTEX_POINT('',#244);
#244 = CARTESIAN_POINT('',(10.305,5.,2.6));
#245 = LINE('',#246,#247);
#246 = CARTESIAN_POINT('',(10.305,-27.46,2.6));
#247 = VECTOR('',#248,1.);
#248 = DIRECTION('',(0.,1.,0.));
#249 = ORIENTED_EDGE('',*,*,#250,.F.);
#250 = EDGE_CURVE('',#251,#243,#253,.T.);
#251 = VERTEX_POINT('',#252);
#252 = CARTESIAN_POINT('',(11.305,5.,2.6));
#253 = LINE('',#254,#255);
#254 = CARTESIAN_POINT('',(11.305,5.,2.6));
#255 = VECTOR('',#256,1.);
#256 = DIRECTION('',(-1.,0.,0.));
#257 = ORIENTED_EDGE('',*,*,#258,.T.);
#258 = EDGE_CURVE('',#251,#259,#261,.T.);
#259 = VERTEX_POINT('',#260);
#260 = CARTESIAN_POINT('',(11.305,-5.,2.6));
#261 = LINE('',#262,#263);
#262 = CARTESIAN_POINT('',(11.305,5.,2.6));
#263 = VECTOR('',#264,1.);
#264 = DIRECTION('',(0.,-1.,0.));
#265 = ORIENTED_EDGE('',*,*,#266,.T.);
#266 = EDGE_CURVE('',#259,#267,#269,.T.);
#267 = VERTEX_POINT('',#268);
#268 = CARTESIAN_POINT('',(10.305,-5.,2.6));
#269 = LINE('',#270,#271);
#270 = CARTESIAN_POINT('',(11.305,-5.,2.6));
#271 = VECTOR('',#272,1.);
#272 = DIRECTION('',(-1.,0.,0.));
#273 = ORIENTED_EDGE('',*,*,#274,.F.);
#274 = EDGE_CURVE('',#275,#267,#277,.T.);
#275 = VERTEX_POINT('',#276);
#276 = CARTESIAN_POINT('',(10.305,-25.46,2.6));
#277 = LINE('',#278,#279);
#278 = CARTESIAN_POINT('',(10.305,-27.46,2.6));
#279 = VECTOR('',#280,1.);
#280 = DIRECTION('',(0.,1.,0.));
#281 = ORIENTED_EDGE('',*,*,#282,.F.);
#282 = EDGE_CURVE('',#283,#275,#285,.T.);
#283 = VERTEX_POINT('',#284);
#284 = CARTESIAN_POINT('',(6.65,-25.46,2.6));
#285 = LINE('',#286,#287);
#286 = CARTESIAN_POINT('',(-12.305,-25.46,2.6));
#287 = VECTOR('',#288,1.);
#288 = DIRECTION('',(1.,0.,0.));
#289 = ORIENTED_EDGE('',*,*,#290,.F.);
#290 = EDGE_CURVE('',#291,#283,#293,.T.);
#291 = VERTEX_POINT('',#292);
#292 = CARTESIAN_POINT('',(6.65,-27.46,2.6));
#293 = LINE('',#294,#295);
#294 = CARTESIAN_POINT('',(6.65,-27.46,2.6));
#295 = VECTOR('',#296,1.);
#296 = DIRECTION('',(0.,1.,0.));
#297 = ORIENTED_EDGE('',*,*,#298,.T.);
#298 = EDGE_CURVE('',#291,#299,#301,.T.);
#299 = VERTEX_POINT('',#300);
#300 = CARTESIAN_POINT('',(11.905,-27.46,2.6));
#301 = LINE('',#302,#303);
#302 = CARTESIAN_POINT('',(-12.305,-27.46,2.6));
#303 = VECTOR('',#304,1.);
#304 = DIRECTION('',(1.,0.,0.));
#305 = ORIENTED_EDGE('',*,*,#306,.F.);
#306 = EDGE_CURVE('',#307,#299,#309,.T.);
#307 = VERTEX_POINT('',#308);
#308 = CARTESIAN_POINT('',(12.305,-27.06,2.6));
#309 = LINE('',#310,#311);
#310 = CARTESIAN_POINT('',(15.30875,-24.05625,2.6));
#311 = VECTOR('',#312,1.);
#312 = DIRECTION('',(-0.707106781187,-0.707106781187,0.));
#313 = ORIENTED_EDGE('',*,*,#314,.T.);
#314 = EDGE_CURVE('',#307,#163,#315,.T.);
#315 = LINE('',#316,#317);
#316 = CARTESIAN_POINT('',(12.305,-27.46,2.6));
#317 = VECTOR('',#318,1.);
#318 = DIRECTION('',(0.,1.,0.));
#319 = PLANE('',#320);
#320 = AXIS2_PLACEMENT_3D('',#321,#322,#323);
#321 = CARTESIAN_POINT('',(-3.7364E-13,-2.34,2.6));
#322 = DIRECTION('',(0.,0.,1.));
#323 = DIRECTION('',(1.,0.,0.));
#324 = ADVANCED_FACE('',(#325),#487,.T.);
#325 = FACE_BOUND('',#326,.T.);
#326 = EDGE_LOOP('',(#327,#337,#345,#353,#361,#369,#377,#385,#393,#401,
    #409,#417,#425,#433,#441,#449,#457,#465,#473,#479,#480,#481));
#327 = ORIENTED_EDGE('',*,*,#328,.T.);
#328 = EDGE_CURVE('',#329,#331,#333,.T.);
#329 = VERTEX_POINT('',#330);
#330 = CARTESIAN_POINT('',(-12.305,-27.06,2.6));
#331 = VERTEX_POINT('',#332);
#332 = CARTESIAN_POINT('',(-11.905,-27.46,2.6));
#333 = LINE('',#334,#335);
#334 = CARTESIAN_POINT('',(-15.30875,-24.05625,2.6));
#335 = VECTOR('',#336,1.);
#336 = DIRECTION('',(0.707106781187,-0.707106781187,0.));
#337 = ORIENTED_EDGE('',*,*,#338,.T.);
#338 = EDGE_CURVE('',#331,#339,#341,.T.);
#339 = VERTEX_POINT('',#340);
#340 = CARTESIAN_POINT('',(-6.64,-27.46,2.6));
#341 = LINE('',#342,#343);
#342 = CARTESIAN_POINT('',(-12.305,-27.46,2.6));
#343 = VECTOR('',#344,1.);
#344 = DIRECTION('',(1.,0.,0.));
#345 = ORIENTED_EDGE('',*,*,#346,.F.);
#346 = EDGE_CURVE('',#347,#339,#349,.T.);
#347 = VERTEX_POINT('',#348);
#348 = CARTESIAN_POINT('',(-6.64,-25.46,2.6));
#349 = LINE('',#350,#351);
#350 = CARTESIAN_POINT('',(-6.64,-25.46,2.6));
#351 = VECTOR('',#352,1.);
#352 = DIRECTION('',(0.,-1.,0.));
#353 = ORIENTED_EDGE('',*,*,#354,.F.);
#354 = EDGE_CURVE('',#355,#347,#357,.T.);
#355 = VERTEX_POINT('',#356);
#356 = CARTESIAN_POINT('',(-10.305,-25.46,2.6));
#357 = LINE('',#358,#359);
#358 = CARTESIAN_POINT('',(-12.305,-25.46,2.6));
#359 = VECTOR('',#360,1.);
#360 = DIRECTION('',(1.,0.,0.));
#361 = ORIENTED_EDGE('',*,*,#362,.F.);
#362 = EDGE_CURVE('',#363,#355,#365,.T.);
#363 = VERTEX_POINT('',#364);
#364 = CARTESIAN_POINT('',(-10.305,-12.62,2.6));
#365 = LINE('',#366,#367);
#366 = CARTESIAN_POINT('',(-10.305,22.78,2.6));
#367 = VECTOR('',#368,1.);
#368 = DIRECTION('',(-2.97E-14,-1.,0.));
#369 = ORIENTED_EDGE('',*,*,#370,.T.);
#370 = EDGE_CURVE('',#363,#371,#373,.T.);
#371 = VERTEX_POINT('',#372);
#372 = CARTESIAN_POINT('',(-7.905,-12.62,2.6));
#373 = LINE('',#374,#375);
#374 = CARTESIAN_POINT('',(-10.305,-12.62,2.6));
#375 = VECTOR('',#376,1.);
#376 = DIRECTION('',(1.,0.,0.));
#377 = ORIENTED_EDGE('',*,*,#378,.F.);
#378 = EDGE_CURVE('',#379,#371,#381,.T.);
#379 = VERTEX_POINT('',#380);
#380 = CARTESIAN_POINT('',(-7.905,-11.32,2.6));
#381 = LINE('',#382,#383);
#382 = CARTESIAN_POINT('',(-7.905,-11.32,2.6));
#383 = VECTOR('',#384,1.);
#384 = DIRECTION('',(0.,-1.,0.));
#385 = ORIENTED_EDGE('',*,*,#386,.F.);
#386 = EDGE_CURVE('',#387,#379,#389,.T.);
#387 = VERTEX_POINT('',#388);
#388 = CARTESIAN_POINT('',(-10.305,-11.32,2.6));
#389 = LINE('',#390,#391);
#390 = CARTESIAN_POINT('',(-10.305,-11.32,2.6));
#391 = VECTOR('',#392,1.);
#392 = DIRECTION('',(1.,0.,0.));
#393 = ORIENTED_EDGE('',*,*,#394,.F.);
#394 = EDGE_CURVE('',#395,#387,#397,.T.);
#395 = VERTEX_POINT('',#396);
#396 = CARTESIAN_POINT('',(-10.305,-5.,2.6));
#397 = LINE('',#398,#399);
#398 = CARTESIAN_POINT('',(-10.305,22.78,2.6));
#399 = VECTOR('',#400,1.);
#400 = DIRECTION('',(-2.97E-14,-1.,0.));
#401 = ORIENTED_EDGE('',*,*,#402,.F.);
#402 = EDGE_CURVE('',#403,#395,#405,.T.);
#403 = VERTEX_POINT('',#404);
#404 = CARTESIAN_POINT('',(-11.305,-5.,2.6));
#405 = LINE('',#406,#407);
#406 = CARTESIAN_POINT('',(-11.305,-5.,2.6));
#407 = VECTOR('',#408,1.);
#408 = DIRECTION('',(1.,0.,0.));
#409 = ORIENTED_EDGE('',*,*,#410,.F.);
#410 = EDGE_CURVE('',#411,#403,#413,.T.);
#411 = VERTEX_POINT('',#412);
#412 = CARTESIAN_POINT('',(-11.305,5.,2.6));
#413 = LINE('',#414,#415);
#414 = CARTESIAN_POINT('',(-11.305,5.,2.6));
#415 = VECTOR('',#416,1.);
#416 = DIRECTION('',(0.,-1.,0.));
#417 = ORIENTED_EDGE('',*,*,#418,.T.);
#418 = EDGE_CURVE('',#411,#419,#421,.T.);
#419 = VERTEX_POINT('',#420);
#420 = CARTESIAN_POINT('',(-10.305,5.,2.6));
#421 = LINE('',#422,#423);
#422 = CARTESIAN_POINT('',(-11.305,5.,2.6));
#423 = VECTOR('',#424,1.);
#424 = DIRECTION('',(1.,0.,0.));
#425 = ORIENTED_EDGE('',*,*,#426,.F.);
#426 = EDGE_CURVE('',#427,#419,#429,.T.);
#427 = VERTEX_POINT('',#428);
#428 = CARTESIAN_POINT('',(-10.305,15.53,2.6));
#429 = LINE('',#430,#431);
#430 = CARTESIAN_POINT('',(-10.305,22.78,2.6));
#431 = VECTOR('',#432,1.);
#432 = DIRECTION('',(-2.97E-14,-1.,0.));
#433 = ORIENTED_EDGE('',*,*,#434,.T.);
#434 = EDGE_CURVE('',#427,#435,#437,.T.);
#435 = VERTEX_POINT('',#436);
#436 = CARTESIAN_POINT('',(-7.905,15.53,2.6));
#437 = LINE('',#438,#439);
#438 = CARTESIAN_POINT('',(-10.305,15.53,2.6));
#439 = VECTOR('',#440,1.);
#440 = DIRECTION('',(1.,1.48E-15,0.));
#441 = ORIENTED_EDGE('',*,*,#442,.F.);
#442 = EDGE_CURVE('',#443,#435,#445,.T.);
#443 = VERTEX_POINT('',#444);
#444 = CARTESIAN_POINT('',(-7.905,16.83,2.6));
#445 = LINE('',#446,#447);
#446 = CARTESIAN_POINT('',(-7.905,16.83,2.6));
#447 = VECTOR('',#448,1.);
#448 = DIRECTION('',(0.,-1.,0.));
#449 = ORIENTED_EDGE('',*,*,#450,.F.);
#450 = EDGE_CURVE('',#451,#443,#453,.T.);
#451 = VERTEX_POINT('',#452);
#452 = CARTESIAN_POINT('',(-10.305,16.83,2.6));
#453 = LINE('',#454,#455);
#454 = CARTESIAN_POINT('',(-10.305,16.83,2.6));
#455 = VECTOR('',#456,1.);
#456 = DIRECTION('',(1.,0.,0.));
#457 = ORIENTED_EDGE('',*,*,#458,.F.);
#458 = EDGE_CURVE('',#459,#451,#461,.T.);
#459 = VERTEX_POINT('',#460);
#460 = CARTESIAN_POINT('',(-10.305,20.78,2.6));
#461 = LINE('',#462,#463);
#462 = CARTESIAN_POINT('',(-10.305,22.78,2.6));
#463 = VECTOR('',#464,1.);
#464 = DIRECTION('',(-2.97E-14,-1.,0.));
#465 = ORIENTED_EDGE('',*,*,#466,.F.);
#466 = EDGE_CURVE('',#467,#459,#469,.T.);
#467 = VERTEX_POINT('',#468);
#468 = CARTESIAN_POINT('',(-6.095,20.78,2.6));
#469 = LINE('',#470,#471);
#470 = CARTESIAN_POINT('',(12.305,20.78,2.6));
#471 = VECTOR('',#472,1.);
#472 = DIRECTION('',(-1.,0.,0.));
#473 = ORIENTED_EDGE('',*,*,#474,.F.);
#474 = EDGE_CURVE('',#62,#467,#475,.T.);
#475 = LINE('',#476,#477);
#476 = CARTESIAN_POINT('',(-6.095,22.78,2.6));
#477 = VECTOR('',#478,1.);
#478 = DIRECTION('',(0.,-1.,0.));
#479 = ORIENTED_EDGE('',*,*,#61,.T.);
#480 = ORIENTED_EDGE('',*,*,#193,.T.);
#481 = ORIENTED_EDGE('',*,*,#482,.T.);
#482 = EDGE_CURVE('',#194,#329,#483,.T.);
#483 = LINE('',#484,#485);
#484 = CARTESIAN_POINT('',(-12.305,22.78,2.6));
#485 = VECTOR('',#486,1.);
#486 = DIRECTION('',(-2.97E-14,-1.,0.));
#487 = PLANE('',#488);
#488 = AXIS2_PLACEMENT_3D('',#489,#490,#491);
#489 = CARTESIAN_POINT('',(-3.7364E-13,-2.34,2.6));
#490 = DIRECTION('',(0.,0.,1.));
#491 = DIRECTION('',(1.,0.,0.));
#492 = ADVANCED_FACE('',(#493),#511,.T.);
#493 = FACE_BOUND('',#494,.T.);
#494 = EDGE_LOOP('',(#495,#496,#504,#510));
#495 = ORIENTED_EDGE('',*,*,#101,.T.);
#496 = ORIENTED_EDGE('',*,*,#497,.T.);
#497 = EDGE_CURVE('',#94,#498,#500,.T.);
#498 = VERTEX_POINT('',#499);
#499 = CARTESIAN_POINT('',(6.105,20.78,0.55));
#500 = LINE('',#501,#502);
#501 = CARTESIAN_POINT('',(6.105,22.78,0.55));
#502 = VECTOR('',#503,1.);
#503 = DIRECTION('',(1.78E-15,-1.,0.));
#504 = ORIENTED_EDGE('',*,*,#505,.F.);
#505 = EDGE_CURVE('',#227,#498,#506,.T.);
#506 = LINE('',#507,#508);
#507 = CARTESIAN_POINT('',(6.105,20.78,2.6));
#508 = VECTOR('',#509,1.);
#509 = DIRECTION('',(-0.,-0.,-1.));
#510 = ORIENTED_EDGE('',*,*,#226,.F.);
#511 = PLANE('',#512);
#512 = AXIS2_PLACEMENT_3D('',#513,#514,#515);
#513 = CARTESIAN_POINT('',(6.105,22.78,2.6));
#514 = DIRECTION('',(-1.,-1.78E-15,0.));
#515 = DIRECTION('',(1.78E-15,-1.,0.));
#516 = ADVANCED_FACE('',(#517),#535,.F.);
#517 = FACE_BOUND('',#518,.F.);
#518 = EDGE_LOOP('',(#519,#520,#528,#534));
#519 = ORIENTED_EDGE('',*,*,#69,.T.);
#520 = ORIENTED_EDGE('',*,*,#521,.T.);
#521 = EDGE_CURVE('',#70,#522,#524,.T.);
#522 = VERTEX_POINT('',#523);
#523 = CARTESIAN_POINT('',(-6.095,20.78,0.55));
#524 = LINE('',#525,#526);
#525 = CARTESIAN_POINT('',(-6.095,22.78,0.55));
#526 = VECTOR('',#527,1.);
#527 = DIRECTION('',(0.,-1.,0.));
#528 = ORIENTED_EDGE('',*,*,#529,.F.);
#529 = EDGE_CURVE('',#467,#522,#530,.T.);
#530 = LINE('',#531,#532);
#531 = CARTESIAN_POINT('',(-6.095,20.78,2.6));
#532 = VECTOR('',#533,1.);
#533 = DIRECTION('',(-0.,-0.,-1.));
#534 = ORIENTED_EDGE('',*,*,#474,.F.);
#535 = PLANE('',#536);
#536 = AXIS2_PLACEMENT_3D('',#537,#538,#539);
#537 = CARTESIAN_POINT('',(-6.095,22.78,2.6));
#538 = DIRECTION('',(-1.,0.,0.));
#539 = DIRECTION('',(0.,-1.,0.));
#540 = ADVANCED_FACE('',(#541),#559,.F.);
#541 = FACE_BOUND('',#542,.F.);
#542 = EDGE_LOOP('',(#543,#544,#545,#553));
#543 = ORIENTED_EDGE('',*,*,#93,.F.);
#544 = ORIENTED_EDGE('',*,*,#497,.T.);
#545 = ORIENTED_EDGE('',*,*,#546,.T.);
#546 = EDGE_CURVE('',#498,#547,#549,.T.);
#547 = VERTEX_POINT('',#548);
#548 = CARTESIAN_POINT('',(5.805,20.78,0.25));
#549 = LINE('',#550,#551);
#550 = CARTESIAN_POINT('',(8.0925,20.78,2.5375));
#551 = VECTOR('',#552,1.);
#552 = DIRECTION('',(-0.707106781187,0.,-0.707106781187));
#553 = ORIENTED_EDGE('',*,*,#554,.F.);
#554 = EDGE_CURVE('',#86,#547,#555,.T.);
#555 = LINE('',#556,#557);
#556 = CARTESIAN_POINT('',(5.805,22.78,0.25));
#557 = VECTOR('',#558,1.);
#558 = DIRECTION('',(1.78E-15,-1.,0.));
#559 = PLANE('',#560);
#560 = AXIS2_PLACEMENT_3D('',#561,#562,#563);
#561 = CARTESIAN_POINT('',(5.955,22.78,0.4));
#562 = DIRECTION('',(0.707106781187,1.25E-15,-0.707106781187));
#563 = DIRECTION('',(1.768883476483E-15,-1.,1.116523516816E-18));
#564 = ADVANCED_FACE('',(#565),#583,.T.);
#565 = FACE_BOUND('',#566,.F.);
#566 = EDGE_LOOP('',(#567,#568,#576,#582));
#567 = ORIENTED_EDGE('',*,*,#77,.F.);
#568 = ORIENTED_EDGE('',*,*,#569,.T.);
#569 = EDGE_CURVE('',#78,#570,#572,.T.);
#570 = VERTEX_POINT('',#571);
#571 = CARTESIAN_POINT('',(-5.795,20.78,0.25));
#572 = LINE('',#573,#574);
#573 = CARTESIAN_POINT('',(-5.795,22.78,0.25));
#574 = VECTOR('',#575,1.);
#575 = DIRECTION('',(0.,-1.,0.));
#576 = ORIENTED_EDGE('',*,*,#577,.T.);
#577 = EDGE_CURVE('',#570,#522,#578,.T.);
#578 = LINE('',#579,#580);
#579 = CARTESIAN_POINT('',(-1.9325,20.78,-3.6125));
#580 = VECTOR('',#581,1.);
#581 = DIRECTION('',(-0.707106781187,0.,0.707106781187));
#582 = ORIENTED_EDGE('',*,*,#521,.F.);
#583 = PLANE('',#584);
#584 = AXIS2_PLACEMENT_3D('',#585,#586,#587);
#585 = CARTESIAN_POINT('',(-5.945,22.78,0.4));
#586 = DIRECTION('',(0.707106781187,0.,0.707106781187));
#587 = DIRECTION('',(0.,1.,0.));
#588 = ADVANCED_FACE('',(#589),#600,.T.);
#589 = FACE_BOUND('',#590,.T.);
#590 = EDGE_LOOP('',(#591,#592,#593,#599));
#591 = ORIENTED_EDGE('',*,*,#85,.F.);
#592 = ORIENTED_EDGE('',*,*,#569,.T.);
#593 = ORIENTED_EDGE('',*,*,#594,.T.);
#594 = EDGE_CURVE('',#570,#547,#595,.T.);
#595 = LINE('',#596,#597);
#596 = CARTESIAN_POINT('',(-6.095,20.78,0.25));
#597 = VECTOR('',#598,1.);
#598 = DIRECTION('',(1.,0.,0.));
#599 = ORIENTED_EDGE('',*,*,#554,.F.);
#600 = PLANE('',#601);
#601 = AXIS2_PLACEMENT_3D('',#602,#603,#604);
#602 = CARTESIAN_POINT('',(4.999999999999E-03,21.78,0.25));
#603 = DIRECTION('',(0.,0.,1.));
#604 = DIRECTION('',(1.,0.,0.));
#605 = ADVANCED_FACE('',(#606),#624,.F.);
#606 = FACE_BOUND('',#607,.T.);
#607 = EDGE_LOOP('',(#608,#609,#617,#623));
#608 = ORIENTED_EDGE('',*,*,#171,.T.);
#609 = ORIENTED_EDGE('',*,*,#610,.T.);
#610 = EDGE_CURVE('',#172,#611,#613,.T.);
#611 = VERTEX_POINT('',#612);
#612 = CARTESIAN_POINT('',(12.305,17.914314575051,-4.3));
#613 = LINE('',#614,#615);
#614 = CARTESIAN_POINT('',(12.305,22.497157287525,0.282842712475));
#615 = VECTOR('',#616,1.);
#616 = DIRECTION('',(0.,-0.707106781187,-0.707106781187));
#617 = ORIENTED_EDGE('',*,*,#618,.T.);
#618 = EDGE_CURVE('',#611,#141,#619,.T.);
#619 = LINE('',#620,#621);
#620 = CARTESIAN_POINT('',(16.417818769872,16.210729260987,
    -0.187181230128));
#621 = VECTOR('',#622,1.);
#622 = DIRECTION('',(-0.678598344546,0.281084637715,-0.678598344546));
#623 = ORIENTED_EDGE('',*,*,#148,.F.);
#624 = PLANE('',#625);
#625 = AXIS2_PLACEMENT_3D('',#626,#627,#628);
#626 = CARTESIAN_POINT('',(12.105,22.638578643763,0.141421356237));
#627 = DIRECTION('',(-0.707106781187,-0.5,0.5));
#628 = DIRECTION('',(2.775557561563E-17,0.707106781187,0.707106781187));
#629 = ADVANCED_FACE('',(#630),#648,.F.);
#630 = FACE_BOUND('',#631,.T.);
#631 = EDGE_LOOP('',(#632,#633,#634,#642));
#632 = ORIENTED_EDGE('',*,*,#202,.F.);
#633 = ORIENTED_EDGE('',*,*,#132,.T.);
#634 = ORIENTED_EDGE('',*,*,#635,.T.);
#635 = EDGE_CURVE('',#133,#636,#638,.T.);
#636 = VERTEX_POINT('',#637);
#637 = CARTESIAN_POINT('',(-12.305,17.914314575051,-4.3));
#638 = LINE('',#639,#640);
#639 = CARTESIAN_POINT('',(-12.72311582225,17.74112533083,
    -3.881884177746));
#640 = VECTOR('',#641,1.);
#641 = DIRECTION('',(-0.678598344546,-0.281084637715,0.678598344546));
#642 = ORIENTED_EDGE('',*,*,#643,.F.);
#643 = EDGE_CURVE('',#203,#636,#644,.T.);
#644 = LINE('',#645,#646);
#645 = CARTESIAN_POINT('',(-12.305,22.497157287525,0.282842712475));
#646 = VECTOR('',#647,1.);
#647 = DIRECTION('',(-2.1E-14,-0.707106781187,-0.707106781187));
#648 = PLANE('',#649);
#649 = AXIS2_PLACEMENT_3D('',#650,#651,#652);
#650 = CARTESIAN_POINT('',(-12.105,22.638578643763,0.141421356237));
#651 = DIRECTION('',(0.707106781187,-0.5,0.5));
#652 = DIRECTION('',(2.092770401418E-14,0.707106781187,0.707106781187));
#653 = ADVANCED_FACE('',(#654,#679),#690,.F.);
#654 = FACE_BOUND('',#655,.F.);
#655 = EDGE_LOOP('',(#656,#657,#665,#673));
#656 = ORIENTED_EDGE('',*,*,#140,.T.);
#657 = ORIENTED_EDGE('',*,*,#658,.T.);
#658 = EDGE_CURVE('',#133,#659,#661,.T.);
#659 = VERTEX_POINT('',#660);
#660 = CARTESIAN_POINT('',(-11.905,-20.66,-4.7));
#661 = LINE('',#662,#663);
#662 = CARTESIAN_POINT('',(-11.905,18.08,-4.7));
#663 = VECTOR('',#664,1.);
#664 = DIRECTION('',(-2.97E-14,-1.,0.));
#665 = ORIENTED_EDGE('',*,*,#666,.T.);
#666 = EDGE_CURVE('',#659,#667,#669,.T.);
#667 = VERTEX_POINT('',#668);
#668 = CARTESIAN_POINT('',(11.905,-20.66,-4.7));
#669 = LINE('',#670,#671);
#670 = CARTESIAN_POINT('',(-12.305,-20.66,-4.7));
#671 = VECTOR('',#672,1.);
#672 = DIRECTION('',(1.,0.,0.));
#673 = ORIENTED_EDGE('',*,*,#674,.T.);
#674 = EDGE_CURVE('',#667,#141,#675,.T.);
#675 = LINE('',#676,#677);
#676 = CARTESIAN_POINT('',(11.905,-20.66,-4.7));
#677 = VECTOR('',#678,1.);
#678 = DIRECTION('',(0.,1.,0.));
#679 = FACE_BOUND('',#680,.F.);
#680 = EDGE_LOOP('',(#681));
#681 = ORIENTED_EDGE('',*,*,#682,.T.);
#682 = EDGE_CURVE('',#683,#683,#685,.T.);
#683 = VERTEX_POINT('',#684);
#684 = CARTESIAN_POINT('',(4.465,-6.88,-4.7));
#685 = CIRCLE('',#686,2.04);
#686 = AXIS2_PLACEMENT_3D('',#687,#688,#689);
#687 = CARTESIAN_POINT('',(6.505,-6.88,-4.7));
#688 = DIRECTION('',(0.,0.,-1.));
#689 = DIRECTION('',(-1.,0.,0.));
#690 = PLANE('',#691);
#691 = AXIS2_PLACEMENT_3D('',#692,#693,#694);
#692 = CARTESIAN_POINT('',(-3.7364E-13,-2.34,-4.7));
#693 = DIRECTION('',(0.,0.,1.));
#694 = DIRECTION('',(1.,0.,0.));
#695 = ADVANCED_FACE('',(#696),#723,.T.);
#696 = FACE_BOUND('',#697,.T.);
#697 = EDGE_LOOP('',(#698,#699,#707,#715,#721,#722));
#698 = ORIENTED_EDGE('',*,*,#314,.F.);
#699 = ORIENTED_EDGE('',*,*,#700,.T.);
#700 = EDGE_CURVE('',#307,#701,#703,.T.);
#701 = VERTEX_POINT('',#702);
#702 = CARTESIAN_POINT('',(12.305,-27.06,2.265685424949));
#703 = LINE('',#704,#705);
#704 = CARTESIAN_POINT('',(12.305,-27.06,2.6));
#705 = VECTOR('',#706,1.);
#706 = DIRECTION('',(-0.,-0.,-1.));
#707 = ORIENTED_EDGE('',*,*,#708,.T.);
#708 = EDGE_CURVE('',#701,#709,#711,.T.);
#709 = VERTEX_POINT('',#710);
#710 = CARTESIAN_POINT('',(12.305,-20.49431457505,-4.3));
#711 = LINE('',#712,#713);
#712 = CARTESIAN_POINT('',(12.305,-27.17715728752,2.382842712475));
#713 = VECTOR('',#714,1.);
#714 = DIRECTION('',(0.,0.707106781187,-0.707106781187));
#715 = ORIENTED_EDGE('',*,*,#716,.T.);
#716 = EDGE_CURVE('',#709,#611,#717,.T.);
#717 = LINE('',#718,#719);
#718 = CARTESIAN_POINT('',(12.305,-20.66,-4.3));
#719 = VECTOR('',#720,1.);
#720 = DIRECTION('',(0.,1.,0.));
#721 = ORIENTED_EDGE('',*,*,#610,.F.);
#722 = ORIENTED_EDGE('',*,*,#179,.F.);
#723 = PLANE('',#724);
#724 = AXIS2_PLACEMENT_3D('',#725,#726,#727);
#725 = CARTESIAN_POINT('',(12.305,-27.46,2.6));
#726 = DIRECTION('',(1.,0.,0.));
#727 = DIRECTION('',(0.,1.,0.));
#728 = ADVANCED_FACE('',(#729),#756,.T.);
#729 = FACE_BOUND('',#730,.T.);
#730 = EDGE_LOOP('',(#731,#732,#733,#734,#742,#750));
#731 = ORIENTED_EDGE('',*,*,#482,.F.);
#732 = ORIENTED_EDGE('',*,*,#210,.T.);
#733 = ORIENTED_EDGE('',*,*,#643,.T.);
#734 = ORIENTED_EDGE('',*,*,#735,.T.);
#735 = EDGE_CURVE('',#636,#736,#738,.T.);
#736 = VERTEX_POINT('',#737);
#737 = CARTESIAN_POINT('',(-12.305,-20.49431457505,-4.3));
#738 = LINE('',#739,#740);
#739 = CARTESIAN_POINT('',(-12.305,18.08,-4.3));
#740 = VECTOR('',#741,1.);
#741 = DIRECTION('',(-2.97E-14,-1.,0.));
#742 = ORIENTED_EDGE('',*,*,#743,.F.);
#743 = EDGE_CURVE('',#744,#736,#746,.T.);
#744 = VERTEX_POINT('',#745);
#745 = CARTESIAN_POINT('',(-12.305,-27.06,2.265685424949));
#746 = LINE('',#747,#748);
#747 = CARTESIAN_POINT('',(-12.305,-27.17715728752,2.382842712475));
#748 = VECTOR('',#749,1.);
#749 = DIRECTION('',(2.1E-14,0.707106781187,-0.707106781187));
#750 = ORIENTED_EDGE('',*,*,#751,.F.);
#751 = EDGE_CURVE('',#329,#744,#752,.T.);
#752 = LINE('',#753,#754);
#753 = CARTESIAN_POINT('',(-12.305,-27.06,2.6));
#754 = VECTOR('',#755,1.);
#755 = DIRECTION('',(-0.,-0.,-1.));
#756 = PLANE('',#757);
#757 = AXIS2_PLACEMENT_3D('',#758,#759,#760);
#758 = CARTESIAN_POINT('',(-12.305,22.78,2.6));
#759 = DIRECTION('',(-1.,2.97E-14,0.));
#760 = DIRECTION('',(-2.97E-14,-1.,0.));
#761 = ADVANCED_FACE('',(#762),#780,.T.);
#762 = FACE_BOUND('',#763,.F.);
#763 = EDGE_LOOP('',(#764,#765,#766,#774));
#764 = ORIENTED_EDGE('',*,*,#306,.F.);
#765 = ORIENTED_EDGE('',*,*,#700,.T.);
#766 = ORIENTED_EDGE('',*,*,#767,.T.);
#767 = EDGE_CURVE('',#701,#768,#770,.T.);
#768 = VERTEX_POINT('',#769);
#769 = CARTESIAN_POINT('',(11.905,-27.46,2.1));
#770 = LINE('',#771,#772);
#771 = CARTESIAN_POINT('',(12.136884177746,-27.22811582225,
    2.196049571322));
#772 = VECTOR('',#773,1.);
#773 = DIRECTION('',(-0.678598344546,-0.678598344546,-0.281084637715));
#774 = ORIENTED_EDGE('',*,*,#775,.F.);
#775 = EDGE_CURVE('',#299,#768,#776,.T.);
#776 = LINE('',#777,#778);
#777 = CARTESIAN_POINT('',(11.905,-27.46,2.6));
#778 = VECTOR('',#779,1.);
#779 = DIRECTION('',(-0.,-0.,-1.));
#780 = PLANE('',#781);
#781 = AXIS2_PLACEMENT_3D('',#782,#783,#784);
#782 = CARTESIAN_POINT('',(12.105,-27.26,2.6));
#783 = DIRECTION('',(0.707106781187,-0.707106781187,-3.065E-14));
#784 = DIRECTION('',(2.167282284337E-14,-2.167282284337E-14,1.));
#785 = ADVANCED_FACE('',(#786),#827,.T.);
#786 = FACE_BOUND('',#787,.T.);
#787 = EDGE_LOOP('',(#788,#796,#797,#798,#806,#814,#820,#821));
#788 = ORIENTED_EDGE('',*,*,#789,.T.);
#789 = EDGE_CURVE('',#790,#768,#792,.T.);
#790 = VERTEX_POINT('',#791);
#791 = CARTESIAN_POINT('',(-11.905,-27.46,2.1));
#792 = LINE('',#793,#794);
#793 = CARTESIAN_POINT('',(-12.305,-27.46,2.1));
#794 = VECTOR('',#795,1.);
#795 = DIRECTION('',(1.,0.,0.));
#796 = ORIENTED_EDGE('',*,*,#775,.F.);
#797 = ORIENTED_EDGE('',*,*,#298,.F.);
#798 = ORIENTED_EDGE('',*,*,#799,.F.);
#799 = EDGE_CURVE('',#800,#291,#802,.T.);
#800 = VERTEX_POINT('',#801);
#801 = CARTESIAN_POINT('',(6.65,-27.46,2.82));
#802 = LINE('',#803,#804);
#803 = CARTESIAN_POINT('',(6.65,-27.46,2.82));
#804 = VECTOR('',#805,1.);
#805 = DIRECTION('',(0.,0.,-1.));
#806 = ORIENTED_EDGE('',*,*,#807,.F.);
#807 = EDGE_CURVE('',#808,#800,#810,.T.);
#808 = VERTEX_POINT('',#809);
#809 = CARTESIAN_POINT('',(-6.64,-27.46,2.82));
#810 = LINE('',#811,#812);
#811 = CARTESIAN_POINT('',(6.57,-27.46,2.82));
#812 = VECTOR('',#813,1.);
#813 = DIRECTION('',(1.,0.,0.));
#814 = ORIENTED_EDGE('',*,*,#815,.F.);
#815 = EDGE_CURVE('',#339,#808,#816,.T.);
#816 = LINE('',#817,#818);
#817 = CARTESIAN_POINT('',(-6.64,-27.46,2.6));
#818 = VECTOR('',#819,1.);
#819 = DIRECTION('',(0.,0.,1.));
#820 = ORIENTED_EDGE('',*,*,#338,.F.);
#821 = ORIENTED_EDGE('',*,*,#822,.T.);
#822 = EDGE_CURVE('',#331,#790,#823,.T.);
#823 = LINE('',#824,#825);
#824 = CARTESIAN_POINT('',(-11.905,-27.46,2.6));
#825 = VECTOR('',#826,1.);
#826 = DIRECTION('',(-0.,-0.,-1.));
#827 = PLANE('',#828);
#828 = AXIS2_PLACEMENT_3D('',#829,#830,#831);
#829 = CARTESIAN_POINT('',(4.342676594057E-05,-27.46,2.410840900118));
#830 = DIRECTION('',(-0.,-1.,-4.35E-14));
#831 = DIRECTION('',(0.,4.35E-14,-1.));
#832 = ADVANCED_FACE('',(#833),#851,.T.);
#833 = FACE_BOUND('',#834,.T.);
#834 = EDGE_LOOP('',(#835,#836,#837,#845));
#835 = ORIENTED_EDGE('',*,*,#799,.T.);
#836 = ORIENTED_EDGE('',*,*,#290,.T.);
#837 = ORIENTED_EDGE('',*,*,#838,.T.);
#838 = EDGE_CURVE('',#283,#839,#841,.T.);
#839 = VERTEX_POINT('',#840);
#840 = CARTESIAN_POINT('',(6.65,-25.46,2.82));
#841 = LINE('',#842,#843);
#842 = CARTESIAN_POINT('',(6.65,-25.46,2.6));
#843 = VECTOR('',#844,1.);
#844 = DIRECTION('',(0.,0.,1.));
#845 = ORIENTED_EDGE('',*,*,#846,.T.);
#846 = EDGE_CURVE('',#839,#800,#847,.T.);
#847 = LINE('',#848,#849);
#848 = CARTESIAN_POINT('',(6.65,-25.46,2.82));
#849 = VECTOR('',#850,1.);
#850 = DIRECTION('',(0.,-1.,0.));
#851 = PLANE('',#852);
#852 = AXIS2_PLACEMENT_3D('',#853,#854,#855);
#853 = CARTESIAN_POINT('',(6.65,-26.46,2.71));
#854 = DIRECTION('',(1.,0.,0.));
#855 = DIRECTION('',(0.,0.,1.));
#856 = ADVANCED_FACE('',(#857),#898,.T.);
#857 = FACE_BOUND('',#858,.T.);
#858 = EDGE_LOOP('',(#859,#867,#875,#881,#882,#890,#896,#897));
#859 = ORIENTED_EDGE('',*,*,#860,.F.);
#860 = EDGE_CURVE('',#861,#275,#863,.T.);
#861 = VERTEX_POINT('',#862);
#862 = CARTESIAN_POINT('',(10.305,-25.46,2.1));
#863 = LINE('',#864,#865);
#864 = CARTESIAN_POINT('',(10.305,-25.46,2.6));
#865 = VECTOR('',#866,1.);
#866 = DIRECTION('',(0.,0.,1.));
#867 = ORIENTED_EDGE('',*,*,#868,.T.);
#868 = EDGE_CURVE('',#861,#869,#871,.T.);
#869 = VERTEX_POINT('',#870);
#870 = CARTESIAN_POINT('',(-10.305,-25.46,2.1));
#871 = LINE('',#872,#873);
#872 = CARTESIAN_POINT('',(10.305,-25.46,2.1));
#873 = VECTOR('',#874,1.);
#874 = DIRECTION('',(-1.,0.,0.));
#875 = ORIENTED_EDGE('',*,*,#876,.T.);
#876 = EDGE_CURVE('',#869,#355,#877,.T.);
#877 = LINE('',#878,#879);
#878 = CARTESIAN_POINT('',(-10.305,-25.46,2.6));
#879 = VECTOR('',#880,1.);
#880 = DIRECTION('',(0.,0.,1.));
#881 = ORIENTED_EDGE('',*,*,#354,.T.);
#882 = ORIENTED_EDGE('',*,*,#883,.F.);
#883 = EDGE_CURVE('',#884,#347,#886,.T.);
#884 = VERTEX_POINT('',#885);
#885 = CARTESIAN_POINT('',(-6.64,-25.46,2.82));
#886 = LINE('',#887,#888);
#887 = CARTESIAN_POINT('',(-6.64,-25.46,2.82));
#888 = VECTOR('',#889,1.);
#889 = DIRECTION('',(0.,0.,-1.));
#890 = ORIENTED_EDGE('',*,*,#891,.F.);
#891 = EDGE_CURVE('',#839,#884,#892,.T.);
#892 = LINE('',#893,#894);
#893 = CARTESIAN_POINT('',(-6.56,-25.46,2.82));
#894 = VECTOR('',#895,1.);
#895 = DIRECTION('',(-1.,0.,0.));
#896 = ORIENTED_EDGE('',*,*,#838,.F.);
#897 = ORIENTED_EDGE('',*,*,#282,.T.);
#898 = PLANE('',#899);
#899 = AXIS2_PLACEMENT_3D('',#900,#901,#902);
#900 = CARTESIAN_POINT('',(5.157055719075E-05,-25.46,2.422250351617));
#901 = DIRECTION('',(0.,1.,6.87E-15));
#902 = DIRECTION('',(0.,-6.87E-15,1.));
#903 = ADVANCED_FACE('',(#904),#993,.F.);
#904 = FACE_BOUND('',#905,.F.);
#905 = EDGE_LOOP('',(#906,#916,#922,#923,#931,#939,#945,#946,#947,#955,
    #963,#971,#979,#987));
#906 = ORIENTED_EDGE('',*,*,#907,.F.);
#907 = EDGE_CURVE('',#908,#910,#912,.T.);
#908 = VERTEX_POINT('',#909);
#909 = CARTESIAN_POINT('',(10.305,20.78,1.E-15));
#910 = VERTEX_POINT('',#911);
#911 = CARTESIAN_POINT('',(10.305,18.08,-2.7));
#912 = LINE('',#913,#914);
#913 = CARTESIAN_POINT('',(10.305,8.695,-12.085));
#914 = VECTOR('',#915,1.);
#915 = DIRECTION('',(0.,-0.707106781187,-0.707106781187));
#916 = ORIENTED_EDGE('',*,*,#917,.T.);
#917 = EDGE_CURVE('',#908,#235,#918,.T.);
#918 = LINE('',#919,#920);
#919 = CARTESIAN_POINT('',(10.305,20.78,2.6));
#920 = VECTOR('',#921,1.);
#921 = DIRECTION('',(0.,0.,1.));
#922 = ORIENTED_EDGE('',*,*,#242,.F.);
#923 = ORIENTED_EDGE('',*,*,#924,.T.);
#924 = EDGE_CURVE('',#243,#925,#927,.T.);
#925 = VERTEX_POINT('',#926);
#926 = CARTESIAN_POINT('',(10.305,5.,0.6));
#927 = LINE('',#928,#929);
#928 = CARTESIAN_POINT('',(10.305,5.,2.6));
#929 = VECTOR('',#930,1.);
#930 = DIRECTION('',(-0.,-0.,-1.));
#931 = ORIENTED_EDGE('',*,*,#932,.F.);
#932 = EDGE_CURVE('',#933,#925,#935,.T.);
#933 = VERTEX_POINT('',#934);
#934 = CARTESIAN_POINT('',(10.305,-5.,0.6));
#935 = LINE('',#936,#937);
#936 = CARTESIAN_POINT('',(10.305,-5.,0.6));
#937 = VECTOR('',#938,1.);
#938 = DIRECTION('',(0.,1.,0.));
#939 = ORIENTED_EDGE('',*,*,#940,.F.);
#940 = EDGE_CURVE('',#267,#933,#941,.T.);
#941 = LINE('',#942,#943);
#942 = CARTESIAN_POINT('',(10.305,-5.,2.6));
#943 = VECTOR('',#944,1.);
#944 = DIRECTION('',(-0.,-0.,-1.));
#945 = ORIENTED_EDGE('',*,*,#274,.F.);
#946 = ORIENTED_EDGE('',*,*,#860,.F.);
#947 = ORIENTED_EDGE('',*,*,#948,.F.);
#948 = EDGE_CURVE('',#949,#861,#951,.T.);
#949 = VERTEX_POINT('',#950);
#950 = CARTESIAN_POINT('',(10.305,-20.66,-2.7));
#951 = LINE('',#952,#953);
#952 = CARTESIAN_POINT('',(10.305,-24.885,1.525));
#953 = VECTOR('',#954,1.);
#954 = DIRECTION('',(0.,-0.707106781187,0.707106781187));
#955 = ORIENTED_EDGE('',*,*,#956,.F.);
#956 = EDGE_CURVE('',#957,#949,#959,.T.);
#957 = VERTEX_POINT('',#958);
#958 = CARTESIAN_POINT('',(10.305,-13.38,-2.7));
#959 = LINE('',#960,#961);
#960 = CARTESIAN_POINT('',(10.305,-14.9,-2.7));
#961 = VECTOR('',#962,1.);
#962 = DIRECTION('',(0.,-1.,0.));
#963 = ORIENTED_EDGE('',*,*,#964,.T.);
#964 = EDGE_CURVE('',#957,#965,#967,.T.);
#965 = VERTEX_POINT('',#966);
#966 = CARTESIAN_POINT('',(10.305,-13.38,-0.1));
#967 = LINE('',#968,#969);
#968 = CARTESIAN_POINT('',(10.305,-13.38,-2.7));
#969 = VECTOR('',#970,1.);
#970 = DIRECTION('',(0.,0.,1.));
#971 = ORIENTED_EDGE('',*,*,#972,.F.);
#972 = EDGE_CURVE('',#973,#965,#975,.T.);
#973 = VERTEX_POINT('',#974);
#974 = CARTESIAN_POINT('',(10.305,13.37,-0.1));
#975 = LINE('',#976,#977);
#976 = CARTESIAN_POINT('',(10.305,13.37,-0.1));
#977 = VECTOR('',#978,1.);
#978 = DIRECTION('',(0.,-1.,0.));
#979 = ORIENTED_EDGE('',*,*,#980,.F.);
#980 = EDGE_CURVE('',#981,#973,#983,.T.);
#981 = VERTEX_POINT('',#982);
#982 = CARTESIAN_POINT('',(10.305,13.37,-2.7));
#983 = LINE('',#984,#985);
#984 = CARTESIAN_POINT('',(10.305,13.37,-2.7));
#985 = VECTOR('',#986,1.);
#986 = DIRECTION('',(0.,0.,1.));
#987 = ORIENTED_EDGE('',*,*,#988,.F.);
#988 = EDGE_CURVE('',#910,#981,#989,.T.);
#989 = LINE('',#990,#991);
#990 = CARTESIAN_POINT('',(10.305,-14.9,-2.7));
#991 = VECTOR('',#992,1.);
#992 = DIRECTION('',(0.,-1.,0.));
#993 = PLANE('',#994);
#994 = AXIS2_PLACEMENT_3D('',#995,#996,#997);
#995 = CARTESIAN_POINT('',(10.305,-27.46,2.6));
#996 = DIRECTION('',(1.,0.,0.));
#997 = DIRECTION('',(0.,1.,0.));
#998 = ADVANCED_FACE('',(#999),#1017,.T.);
#999 = FACE_BOUND('',#1000,.T.);
#1000 = EDGE_LOOP('',(#1001,#1009,#1015,#1016));
#1001 = ORIENTED_EDGE('',*,*,#1002,.T.);
#1002 = EDGE_CURVE('',#259,#1003,#1005,.T.);
#1003 = VERTEX_POINT('',#1004);
#1004 = CARTESIAN_POINT('',(11.305,-5.,0.6));
#1005 = LINE('',#1006,#1007);
#1006 = CARTESIAN_POINT('',(11.305,-5.,2.6));
#1007 = VECTOR('',#1008,1.);
#1008 = DIRECTION('',(-0.,-0.,-1.));
#1009 = ORIENTED_EDGE('',*,*,#1010,.T.);
#1010 = EDGE_CURVE('',#1003,#933,#1011,.T.);
#1011 = LINE('',#1012,#1013);
#1012 = CARTESIAN_POINT('',(11.305,-5.,0.6));
#1013 = VECTOR('',#1014,1.);
#1014 = DIRECTION('',(-1.,0.,0.));
#1015 = ORIENTED_EDGE('',*,*,#940,.F.);
#1016 = ORIENTED_EDGE('',*,*,#266,.F.);
#1017 = PLANE('',#1018);
#1018 = AXIS2_PLACEMENT_3D('',#1019,#1020,#1021);
#1019 = CARTESIAN_POINT('',(11.305,-5.,2.6));
#1020 = DIRECTION('',(0.,1.,0.));
#1021 = DIRECTION('',(-1.,0.,0.));
#1022 = ADVANCED_FACE('',(#1023),#1041,.T.);
#1023 = FACE_BOUND('',#1024,.T.);
#1024 = EDGE_LOOP('',(#1025,#1033,#1039,#1040));
#1025 = ORIENTED_EDGE('',*,*,#1026,.T.);
#1026 = EDGE_CURVE('',#251,#1027,#1029,.T.);
#1027 = VERTEX_POINT('',#1028);
#1028 = CARTESIAN_POINT('',(11.305,5.,0.6));
#1029 = LINE('',#1030,#1031);
#1030 = CARTESIAN_POINT('',(11.305,5.,2.6));
#1031 = VECTOR('',#1032,1.);
#1032 = DIRECTION('',(-0.,-0.,-1.));
#1033 = ORIENTED_EDGE('',*,*,#1034,.T.);
#1034 = EDGE_CURVE('',#1027,#1003,#1035,.T.);
#1035 = LINE('',#1036,#1037);
#1036 = CARTESIAN_POINT('',(11.305,5.,0.6));
#1037 = VECTOR('',#1038,1.);
#1038 = DIRECTION('',(0.,-1.,0.));
#1039 = ORIENTED_EDGE('',*,*,#1002,.F.);
#1040 = ORIENTED_EDGE('',*,*,#258,.F.);
#1041 = PLANE('',#1042);
#1042 = AXIS2_PLACEMENT_3D('',#1043,#1044,#1045);
#1043 = CARTESIAN_POINT('',(11.305,5.,2.6));
#1044 = DIRECTION('',(-1.,0.,0.));
#1045 = DIRECTION('',(0.,-1.,0.));
#1046 = ADVANCED_FACE('',(#1047),#1058,.F.);
#1047 = FACE_BOUND('',#1048,.F.);
#1048 = EDGE_LOOP('',(#1049,#1050,#1056,#1057));
#1049 = ORIENTED_EDGE('',*,*,#1026,.T.);
#1050 = ORIENTED_EDGE('',*,*,#1051,.T.);
#1051 = EDGE_CURVE('',#1027,#925,#1052,.T.);
#1052 = LINE('',#1053,#1054);
#1053 = CARTESIAN_POINT('',(11.305,5.,0.6));
#1054 = VECTOR('',#1055,1.);
#1055 = DIRECTION('',(-1.,0.,0.));
#1056 = ORIENTED_EDGE('',*,*,#924,.F.);
#1057 = ORIENTED_EDGE('',*,*,#250,.F.);
#1058 = PLANE('',#1059);
#1059 = AXIS2_PLACEMENT_3D('',#1060,#1061,#1062);
#1060 = CARTESIAN_POINT('',(11.305,5.,2.6));
#1061 = DIRECTION('',(0.,1.,0.));
#1062 = DIRECTION('',(-1.,0.,0.));
#1063 = ADVANCED_FACE('',(#1064),#1088,.F.);
#1064 = FACE_BOUND('',#1065,.F.);
#1065 = EDGE_LOOP('',(#1066,#1067,#1075,#1081,#1082,#1083,#1084,#1085,
    #1086,#1087));
#1066 = ORIENTED_EDGE('',*,*,#917,.F.);
#1067 = ORIENTED_EDGE('',*,*,#1068,.F.);
#1068 = EDGE_CURVE('',#1069,#908,#1071,.T.);
#1069 = VERTEX_POINT('',#1070);
#1070 = CARTESIAN_POINT('',(-10.305,20.78,1.E-15));
#1071 = LINE('',#1072,#1073);
#1072 = CARTESIAN_POINT('',(-10.305,20.78,0.));
#1073 = VECTOR('',#1074,1.);
#1074 = DIRECTION('',(1.,0.,0.));
#1075 = ORIENTED_EDGE('',*,*,#1076,.F.);
#1076 = EDGE_CURVE('',#459,#1069,#1077,.T.);
#1077 = LINE('',#1078,#1079);
#1078 = CARTESIAN_POINT('',(-10.305,20.78,2.6));
#1079 = VECTOR('',#1080,1.);
#1080 = DIRECTION('',(0.,0.,-1.));
#1081 = ORIENTED_EDGE('',*,*,#466,.F.);
#1082 = ORIENTED_EDGE('',*,*,#529,.T.);
#1083 = ORIENTED_EDGE('',*,*,#577,.F.);
#1084 = ORIENTED_EDGE('',*,*,#594,.T.);
#1085 = ORIENTED_EDGE('',*,*,#546,.F.);
#1086 = ORIENTED_EDGE('',*,*,#505,.F.);
#1087 = ORIENTED_EDGE('',*,*,#234,.F.);
#1088 = PLANE('',#1089);
#1089 = AXIS2_PLACEMENT_3D('',#1090,#1091,#1092);
#1090 = CARTESIAN_POINT('',(12.305,20.78,2.6));
#1091 = DIRECTION('',(0.,1.,0.));
#1092 = DIRECTION('',(-1.,0.,0.));
#1093 = ADVANCED_FACE('',(#1094),#1105,.T.);
#1094 = FACE_BOUND('',#1095,.T.);
#1095 = EDGE_LOOP('',(#1096,#1097,#1098,#1104));
#1096 = ORIENTED_EDGE('',*,*,#328,.F.);
#1097 = ORIENTED_EDGE('',*,*,#751,.T.);
#1098 = ORIENTED_EDGE('',*,*,#1099,.T.);
#1099 = EDGE_CURVE('',#744,#790,#1100,.T.);
#1100 = LINE('',#1101,#1102);
#1101 = CARTESIAN_POINT('',(-12.13688417774,-27.22811582225,
    2.196049571322));
#1102 = VECTOR('',#1103,1.);
#1103 = DIRECTION('',(0.678598344546,-0.678598344546,-0.281084637715));
#1104 = ORIENTED_EDGE('',*,*,#822,.F.);
#1105 = PLANE('',#1106);
#1106 = AXIS2_PLACEMENT_3D('',#1107,#1108,#1109);
#1107 = CARTESIAN_POINT('',(-12.105,-27.26,2.6));
#1108 = DIRECTION('',(-0.707106781187,-0.707106781187,-3.09E-14));
#1109 = DIRECTION('',(2.184959953866E-14,2.184959953866E-14,-1.));
#1110 = ADVANCED_FACE('',(#1111),#1137,.F.);
#1111 = FACE_BOUND('',#1112,.F.);
#1112 = EDGE_LOOP('',(#1113,#1123,#1129,#1130,#1131));
#1113 = ORIENTED_EDGE('',*,*,#1114,.F.);
#1114 = EDGE_CURVE('',#1115,#1117,#1119,.T.);
#1115 = VERTEX_POINT('',#1116);
#1116 = CARTESIAN_POINT('',(-10.305,16.83,-2.7));
#1117 = VERTEX_POINT('',#1118);
#1118 = CARTESIAN_POINT('',(-10.305,18.08,-2.7));
#1119 = LINE('',#1120,#1121);
#1120 = CARTESIAN_POINT('',(-10.305,10.22,-2.7));
#1121 = VECTOR('',#1122,1.);
#1122 = DIRECTION('',(2.97E-14,1.,0.));
#1123 = ORIENTED_EDGE('',*,*,#1124,.T.);
#1124 = EDGE_CURVE('',#1115,#451,#1125,.T.);
#1125 = LINE('',#1126,#1127);
#1126 = CARTESIAN_POINT('',(-10.305,16.83,-2.7));
#1127 = VECTOR('',#1128,1.);
#1128 = DIRECTION('',(0.,0.,1.));
#1129 = ORIENTED_EDGE('',*,*,#458,.F.);
#1130 = ORIENTED_EDGE('',*,*,#1076,.T.);
#1131 = ORIENTED_EDGE('',*,*,#1132,.T.);
#1132 = EDGE_CURVE('',#1069,#1117,#1133,.T.);
#1133 = LINE('',#1134,#1135);
#1134 = CARTESIAN_POINT('',(-10.305,21.255,0.475));
#1135 = VECTOR('',#1136,1.);
#1136 = DIRECTION('',(-2.1E-14,-0.707106781187,-0.707106781187));
#1137 = PLANE('',#1138);
#1138 = AXIS2_PLACEMENT_3D('',#1139,#1140,#1141);
#1139 = CARTESIAN_POINT('',(-10.305,22.78,2.6));
#1140 = DIRECTION('',(-1.,2.97E-14,0.));
#1141 = DIRECTION('',(-2.97E-14,-1.,0.));
#1142 = ADVANCED_FACE('',(#1143),#1161,.T.);
#1143 = FACE_BOUND('',#1144,.T.);
#1144 = EDGE_LOOP('',(#1145,#1146,#1147,#1155));
#1145 = ORIENTED_EDGE('',*,*,#1124,.T.);
#1146 = ORIENTED_EDGE('',*,*,#450,.T.);
#1147 = ORIENTED_EDGE('',*,*,#1148,.F.);
#1148 = EDGE_CURVE('',#1149,#443,#1151,.T.);
#1149 = VERTEX_POINT('',#1150);
#1150 = CARTESIAN_POINT('',(-7.905,16.83,-2.7));
#1151 = LINE('',#1152,#1153);
#1152 = CARTESIAN_POINT('',(-7.905,16.83,-2.7));
#1153 = VECTOR('',#1154,1.);
#1154 = DIRECTION('',(0.,0.,1.));
#1155 = ORIENTED_EDGE('',*,*,#1156,.F.);
#1156 = EDGE_CURVE('',#1115,#1149,#1157,.T.);
#1157 = LINE('',#1158,#1159);
#1158 = CARTESIAN_POINT('',(-10.305,16.83,-2.7));
#1159 = VECTOR('',#1160,1.);
#1160 = DIRECTION('',(1.,0.,0.));
#1161 = PLANE('',#1162);
#1162 = AXIS2_PLACEMENT_3D('',#1163,#1164,#1165);
#1163 = CARTESIAN_POINT('',(-10.305,16.83,-2.7));
#1164 = DIRECTION('',(0.,1.,0.));
#1165 = DIRECTION('',(1.,0.,0.));
#1166 = ADVANCED_FACE('',(#1167),#1185,.T.);
#1167 = FACE_BOUND('',#1168,.T.);
#1168 = EDGE_LOOP('',(#1169,#1170,#1171,#1179));
#1169 = ORIENTED_EDGE('',*,*,#1148,.T.);
#1170 = ORIENTED_EDGE('',*,*,#442,.T.);
#1171 = ORIENTED_EDGE('',*,*,#1172,.F.);
#1172 = EDGE_CURVE('',#1173,#435,#1175,.T.);
#1173 = VERTEX_POINT('',#1174);
#1174 = CARTESIAN_POINT('',(-7.905,15.53,-2.7));
#1175 = LINE('',#1176,#1177);
#1176 = CARTESIAN_POINT('',(-7.905,15.53,-2.7));
#1177 = VECTOR('',#1178,1.);
#1178 = DIRECTION('',(0.,0.,1.));
#1179 = ORIENTED_EDGE('',*,*,#1180,.F.);
#1180 = EDGE_CURVE('',#1149,#1173,#1181,.T.);
#1181 = LINE('',#1182,#1183);
#1182 = CARTESIAN_POINT('',(-7.905,16.83,-2.7));
#1183 = VECTOR('',#1184,1.);
#1184 = DIRECTION('',(0.,-1.,0.));
#1185 = PLANE('',#1186);
#1186 = AXIS2_PLACEMENT_3D('',#1187,#1188,#1189);
#1187 = CARTESIAN_POINT('',(-7.905,16.83,-2.7));
#1188 = DIRECTION('',(1.,0.,0.));
#1189 = DIRECTION('',(0.,-1.,0.));
#1190 = ADVANCED_FACE('',(#1191),#1209,.F.);
#1191 = FACE_BOUND('',#1192,.F.);
#1192 = EDGE_LOOP('',(#1193,#1201,#1202,#1203));
#1193 = ORIENTED_EDGE('',*,*,#1194,.T.);
#1194 = EDGE_CURVE('',#1195,#427,#1197,.T.);
#1195 = VERTEX_POINT('',#1196);
#1196 = CARTESIAN_POINT('',(-10.305,15.53,-2.7));
#1197 = LINE('',#1198,#1199);
#1198 = CARTESIAN_POINT('',(-10.305,15.53,-2.7));
#1199 = VECTOR('',#1200,1.);
#1200 = DIRECTION('',(0.,0.,1.));
#1201 = ORIENTED_EDGE('',*,*,#434,.T.);
#1202 = ORIENTED_EDGE('',*,*,#1172,.F.);
#1203 = ORIENTED_EDGE('',*,*,#1204,.F.);
#1204 = EDGE_CURVE('',#1195,#1173,#1205,.T.);
#1205 = LINE('',#1206,#1207);
#1206 = CARTESIAN_POINT('',(-10.305,15.53,-2.7));
#1207 = VECTOR('',#1208,1.);
#1208 = DIRECTION('',(1.,1.48E-15,0.));
#1209 = PLANE('',#1210);
#1210 = AXIS2_PLACEMENT_3D('',#1211,#1212,#1213);
#1211 = CARTESIAN_POINT('',(-10.305,15.53,-2.7));
#1212 = DIRECTION('',(-1.48E-15,1.,0.));
#1213 = DIRECTION('',(1.,1.48E-15,0.));
#1214 = ADVANCED_FACE('',(#1215),#1272,.F.);
#1215 = FACE_BOUND('',#1216,.F.);
#1216 = EDGE_LOOP('',(#1217,#1218,#1219,#1227,#1235,#1243,#1249,#1250,
    #1258,#1266));
#1217 = ORIENTED_EDGE('',*,*,#426,.F.);
#1218 = ORIENTED_EDGE('',*,*,#1194,.F.);
#1219 = ORIENTED_EDGE('',*,*,#1220,.F.);
#1220 = EDGE_CURVE('',#1221,#1195,#1223,.T.);
#1221 = VERTEX_POINT('',#1222);
#1222 = CARTESIAN_POINT('',(-10.305,-7.47,-2.7));
#1223 = LINE('',#1224,#1225);
#1224 = CARTESIAN_POINT('',(-10.305,10.22,-2.7));
#1225 = VECTOR('',#1226,1.);
#1226 = DIRECTION('',(2.97E-14,1.,0.));
#1227 = ORIENTED_EDGE('',*,*,#1228,.T.);
#1228 = EDGE_CURVE('',#1221,#1229,#1231,.T.);
#1229 = VERTEX_POINT('',#1230);
#1230 = CARTESIAN_POINT('',(-10.305,-7.47,-0.1));
#1231 = LINE('',#1232,#1233);
#1232 = CARTESIAN_POINT('',(-10.305,-7.47,-2.7));
#1233 = VECTOR('',#1234,1.);
#1234 = DIRECTION('',(0.,0.,1.));
#1235 = ORIENTED_EDGE('',*,*,#1236,.T.);
#1236 = EDGE_CURVE('',#1229,#1237,#1239,.T.);
#1237 = VERTEX_POINT('',#1238);
#1238 = CARTESIAN_POINT('',(-10.305,-11.32,-0.1));
#1239 = LINE('',#1240,#1241);
#1240 = CARTESIAN_POINT('',(-10.305,-7.47,-0.1));
#1241 = VECTOR('',#1242,1.);
#1242 = DIRECTION('',(-2.98E-14,-1.,0.));
#1243 = ORIENTED_EDGE('',*,*,#1244,.T.);
#1244 = EDGE_CURVE('',#1237,#387,#1245,.T.);
#1245 = LINE('',#1246,#1247);
#1246 = CARTESIAN_POINT('',(-10.305,-11.32,-2.7));
#1247 = VECTOR('',#1248,1.);
#1248 = DIRECTION('',(0.,0.,1.));
#1249 = ORIENTED_EDGE('',*,*,#394,.F.);
#1250 = ORIENTED_EDGE('',*,*,#1251,.T.);
#1251 = EDGE_CURVE('',#395,#1252,#1254,.T.);
#1252 = VERTEX_POINT('',#1253);
#1253 = CARTESIAN_POINT('',(-10.305,-5.,0.6));
#1254 = LINE('',#1255,#1256);
#1255 = CARTESIAN_POINT('',(-10.305,-5.,2.6));
#1256 = VECTOR('',#1257,1.);
#1257 = DIRECTION('',(-0.,-0.,-1.));
#1258 = ORIENTED_EDGE('',*,*,#1259,.T.);
#1259 = EDGE_CURVE('',#1252,#1260,#1262,.T.);
#1260 = VERTEX_POINT('',#1261);
#1261 = CARTESIAN_POINT('',(-10.305,5.,0.6));
#1262 = LINE('',#1263,#1264);
#1263 = CARTESIAN_POINT('',(-10.305,-5.,0.6));
#1264 = VECTOR('',#1265,1.);
#1265 = DIRECTION('',(2.984E-14,1.,0.));
#1266 = ORIENTED_EDGE('',*,*,#1267,.F.);
#1267 = EDGE_CURVE('',#419,#1260,#1268,.T.);
#1268 = LINE('',#1269,#1270);
#1269 = CARTESIAN_POINT('',(-10.305,5.,2.6));
#1270 = VECTOR('',#1271,1.);
#1271 = DIRECTION('',(-0.,-0.,-1.));
#1272 = PLANE('',#1273);
#1273 = AXIS2_PLACEMENT_3D('',#1274,#1275,#1276);
#1274 = CARTESIAN_POINT('',(-10.305,22.78,2.6));
#1275 = DIRECTION('',(-1.,2.97E-14,0.));
#1276 = DIRECTION('',(-2.97E-14,-1.,0.));
#1277 = ADVANCED_FACE('',(#1278),#1296,.T.);
#1278 = FACE_BOUND('',#1279,.T.);
#1279 = EDGE_LOOP('',(#1280,#1288,#1294,#1295));
#1280 = ORIENTED_EDGE('',*,*,#1281,.T.);
#1281 = EDGE_CURVE('',#411,#1282,#1284,.T.);
#1282 = VERTEX_POINT('',#1283);
#1283 = CARTESIAN_POINT('',(-11.305,5.,0.6));
#1284 = LINE('',#1285,#1286);
#1285 = CARTESIAN_POINT('',(-11.305,5.,2.6));
#1286 = VECTOR('',#1287,1.);
#1287 = DIRECTION('',(-0.,-0.,-1.));
#1288 = ORIENTED_EDGE('',*,*,#1289,.T.);
#1289 = EDGE_CURVE('',#1282,#1260,#1290,.T.);
#1290 = LINE('',#1291,#1292);
#1291 = CARTESIAN_POINT('',(-11.305,5.,0.6));
#1292 = VECTOR('',#1293,1.);
#1293 = DIRECTION('',(1.,0.,0.));
#1294 = ORIENTED_EDGE('',*,*,#1267,.F.);
#1295 = ORIENTED_EDGE('',*,*,#418,.F.);
#1296 = PLANE('',#1297);
#1297 = AXIS2_PLACEMENT_3D('',#1298,#1299,#1300);
#1298 = CARTESIAN_POINT('',(-11.305,5.,2.6));
#1299 = DIRECTION('',(0.,-1.,0.));
#1300 = DIRECTION('',(1.,0.,0.));
#1301 = ADVANCED_FACE('',(#1302),#1320,.F.);
#1302 = FACE_BOUND('',#1303,.F.);
#1303 = EDGE_LOOP('',(#1304,#1305,#1313,#1319));
#1304 = ORIENTED_EDGE('',*,*,#1281,.T.);
#1305 = ORIENTED_EDGE('',*,*,#1306,.T.);
#1306 = EDGE_CURVE('',#1282,#1307,#1309,.T.);
#1307 = VERTEX_POINT('',#1308);
#1308 = CARTESIAN_POINT('',(-11.305,-5.,0.6));
#1309 = LINE('',#1310,#1311);
#1310 = CARTESIAN_POINT('',(-11.305,5.,0.6));
#1311 = VECTOR('',#1312,1.);
#1312 = DIRECTION('',(0.,-1.,0.));
#1313 = ORIENTED_EDGE('',*,*,#1314,.F.);
#1314 = EDGE_CURVE('',#403,#1307,#1315,.T.);
#1315 = LINE('',#1316,#1317);
#1316 = CARTESIAN_POINT('',(-11.305,-5.,2.6));
#1317 = VECTOR('',#1318,1.);
#1318 = DIRECTION('',(-0.,-0.,-1.));
#1319 = ORIENTED_EDGE('',*,*,#410,.F.);
#1320 = PLANE('',#1321);
#1321 = AXIS2_PLACEMENT_3D('',#1322,#1323,#1324);
#1322 = CARTESIAN_POINT('',(-11.305,5.,2.6));
#1323 = DIRECTION('',(-1.,0.,0.));
#1324 = DIRECTION('',(0.,-1.,0.));
#1325 = ADVANCED_FACE('',(#1326),#1337,.F.);
#1326 = FACE_BOUND('',#1327,.F.);
#1327 = EDGE_LOOP('',(#1328,#1329,#1335,#1336));
#1328 = ORIENTED_EDGE('',*,*,#1314,.T.);
#1329 = ORIENTED_EDGE('',*,*,#1330,.T.);
#1330 = EDGE_CURVE('',#1307,#1252,#1331,.T.);
#1331 = LINE('',#1332,#1333);
#1332 = CARTESIAN_POINT('',(-11.305,-5.,0.6));
#1333 = VECTOR('',#1334,1.);
#1334 = DIRECTION('',(1.,0.,0.));
#1335 = ORIENTED_EDGE('',*,*,#1251,.F.);
#1336 = ORIENTED_EDGE('',*,*,#402,.F.);
#1337 = PLANE('',#1338);
#1338 = AXIS2_PLACEMENT_3D('',#1339,#1340,#1341);
#1339 = CARTESIAN_POINT('',(-11.305,-5.,2.6));
#1340 = DIRECTION('',(0.,-1.,0.));
#1341 = DIRECTION('',(1.,0.,0.));
#1342 = ADVANCED_FACE('',(#1343),#1361,.T.);
#1343 = FACE_BOUND('',#1344,.T.);
#1344 = EDGE_LOOP('',(#1345,#1353,#1354,#1355));
#1345 = ORIENTED_EDGE('',*,*,#1346,.F.);
#1346 = EDGE_CURVE('',#1237,#1347,#1349,.T.);
#1347 = VERTEX_POINT('',#1348);
#1348 = CARTESIAN_POINT('',(-7.905,-11.32,-0.1));
#1349 = LINE('',#1350,#1351);
#1350 = CARTESIAN_POINT('',(-9.293285125445,-11.32,-1.E-01));
#1351 = VECTOR('',#1352,1.);
#1352 = DIRECTION('',(1.,0.,0.));
#1353 = ORIENTED_EDGE('',*,*,#1244,.T.);
#1354 = ORIENTED_EDGE('',*,*,#386,.T.);
#1355 = ORIENTED_EDGE('',*,*,#1356,.F.);
#1356 = EDGE_CURVE('',#1347,#379,#1357,.T.);
#1357 = LINE('',#1358,#1359);
#1358 = CARTESIAN_POINT('',(-7.905,-11.32,-2.7));
#1359 = VECTOR('',#1360,1.);
#1360 = DIRECTION('',(0.,0.,1.));
#1361 = PLANE('',#1362);
#1362 = AXIS2_PLACEMENT_3D('',#1363,#1364,#1365);
#1363 = CARTESIAN_POINT('',(-10.305,-11.32,-2.7));
#1364 = DIRECTION('',(0.,1.,0.));
#1365 = DIRECTION('',(1.,0.,0.));
#1366 = ADVANCED_FACE('',(#1367),#1385,.T.);
#1367 = FACE_BOUND('',#1368,.T.);
#1368 = EDGE_LOOP('',(#1369,#1377,#1378,#1379));
#1369 = ORIENTED_EDGE('',*,*,#1370,.F.);
#1370 = EDGE_CURVE('',#1347,#1371,#1373,.T.);
#1371 = VERTEX_POINT('',#1372);
#1372 = CARTESIAN_POINT('',(-7.905,-12.62,-0.1));
#1373 = LINE('',#1374,#1375);
#1374 = CARTESIAN_POINT('',(-7.905,-11.645,-1.E-01));
#1375 = VECTOR('',#1376,1.);
#1376 = DIRECTION('',(0.,-1.,0.));
#1377 = ORIENTED_EDGE('',*,*,#1356,.T.);
#1378 = ORIENTED_EDGE('',*,*,#378,.T.);
#1379 = ORIENTED_EDGE('',*,*,#1380,.F.);
#1380 = EDGE_CURVE('',#1371,#371,#1381,.T.);
#1381 = LINE('',#1382,#1383);
#1382 = CARTESIAN_POINT('',(-7.905,-12.62,-2.7));
#1383 = VECTOR('',#1384,1.);
#1384 = DIRECTION('',(0.,0.,1.));
#1385 = PLANE('',#1386);
#1386 = AXIS2_PLACEMENT_3D('',#1387,#1388,#1389);
#1387 = CARTESIAN_POINT('',(-7.905,-11.32,-2.7));
#1388 = DIRECTION('',(1.,0.,0.));
#1389 = DIRECTION('',(0.,-1.,0.));
#1390 = ADVANCED_FACE('',(#1391),#1409,.F.);
#1391 = FACE_BOUND('',#1392,.F.);
#1392 = EDGE_LOOP('',(#1393,#1401,#1407,#1408));
#1393 = ORIENTED_EDGE('',*,*,#1394,.F.);
#1394 = EDGE_CURVE('',#1395,#1371,#1397,.T.);
#1395 = VERTEX_POINT('',#1396);
#1396 = CARTESIAN_POINT('',(-10.305,-12.62,-0.1));
#1397 = LINE('',#1398,#1399);
#1398 = CARTESIAN_POINT('',(-9.293285125445,-12.62,-1.E-01));
#1399 = VECTOR('',#1400,1.);
#1400 = DIRECTION('',(1.,0.,0.));
#1401 = ORIENTED_EDGE('',*,*,#1402,.T.);
#1402 = EDGE_CURVE('',#1395,#363,#1403,.T.);
#1403 = LINE('',#1404,#1405);
#1404 = CARTESIAN_POINT('',(-10.305,-12.62,-2.7));
#1405 = VECTOR('',#1406,1.);
#1406 = DIRECTION('',(0.,0.,1.));
#1407 = ORIENTED_EDGE('',*,*,#370,.T.);
#1408 = ORIENTED_EDGE('',*,*,#1380,.F.);
#1409 = PLANE('',#1410);
#1410 = AXIS2_PLACEMENT_3D('',#1411,#1412,#1413);
#1411 = CARTESIAN_POINT('',(-10.305,-12.62,-2.7));
#1412 = DIRECTION('',(0.,1.,0.));
#1413 = DIRECTION('',(1.,0.,0.));
#1414 = ADVANCED_FACE('',(#1415),#1450,.F.);
#1415 = FACE_BOUND('',#1416,.F.);
#1416 = EDGE_LOOP('',(#1417,#1418,#1419,#1420,#1428,#1436,#1444));
#1417 = ORIENTED_EDGE('',*,*,#876,.T.);
#1418 = ORIENTED_EDGE('',*,*,#362,.F.);
#1419 = ORIENTED_EDGE('',*,*,#1402,.F.);
#1420 = ORIENTED_EDGE('',*,*,#1421,.T.);
#1421 = EDGE_CURVE('',#1395,#1422,#1424,.T.);
#1422 = VERTEX_POINT('',#1423);
#1423 = CARTESIAN_POINT('',(-10.305,-16.47,-0.1));
#1424 = LINE('',#1425,#1426);
#1425 = CARTESIAN_POINT('',(-10.305,-7.47,-0.1));
#1426 = VECTOR('',#1427,1.);
#1427 = DIRECTION('',(-2.98E-14,-1.,0.));
#1428 = ORIENTED_EDGE('',*,*,#1429,.F.);
#1429 = EDGE_CURVE('',#1430,#1422,#1432,.T.);
#1430 = VERTEX_POINT('',#1431);
#1431 = CARTESIAN_POINT('',(-10.305,-16.47,-2.7));
#1432 = LINE('',#1433,#1434);
#1433 = CARTESIAN_POINT('',(-10.305,-16.47,-2.7));
#1434 = VECTOR('',#1435,1.);
#1435 = DIRECTION('',(0.,0.,1.));
#1436 = ORIENTED_EDGE('',*,*,#1437,.F.);
#1437 = EDGE_CURVE('',#1438,#1430,#1440,.T.);
#1438 = VERTEX_POINT('',#1439);
#1439 = CARTESIAN_POINT('',(-10.305,-20.66,-2.7));
#1440 = LINE('',#1441,#1442);
#1441 = CARTESIAN_POINT('',(-10.305,10.22,-2.7));
#1442 = VECTOR('',#1443,1.);
#1443 = DIRECTION('',(2.97E-14,1.,0.));
#1444 = ORIENTED_EDGE('',*,*,#1445,.T.);
#1445 = EDGE_CURVE('',#1438,#869,#1446,.T.);
#1446 = LINE('',#1447,#1448);
#1447 = CARTESIAN_POINT('',(-10.305,-12.325,-11.035));
#1448 = VECTOR('',#1449,1.);
#1449 = DIRECTION('',(-2.1E-14,-0.707106781187,0.707106781187));
#1450 = PLANE('',#1451);
#1451 = AXIS2_PLACEMENT_3D('',#1452,#1453,#1454);
#1452 = CARTESIAN_POINT('',(-10.305,22.78,2.6));
#1453 = DIRECTION('',(-1.,2.97E-14,0.));
#1454 = DIRECTION('',(-2.97E-14,-1.,0.));
#1455 = ADVANCED_FACE('',(#1456),#1467,.F.);
#1456 = FACE_BOUND('',#1457,.T.);
#1457 = EDGE_LOOP('',(#1458,#1459,#1460,#1461));
#1458 = ORIENTED_EDGE('',*,*,#883,.T.);
#1459 = ORIENTED_EDGE('',*,*,#346,.T.);
#1460 = ORIENTED_EDGE('',*,*,#815,.T.);
#1461 = ORIENTED_EDGE('',*,*,#1462,.T.);
#1462 = EDGE_CURVE('',#808,#884,#1463,.T.);
#1463 = LINE('',#1464,#1465);
#1464 = CARTESIAN_POINT('',(-6.64,-27.46,2.82));
#1465 = VECTOR('',#1466,1.);
#1466 = DIRECTION('',(0.,1.,0.));
#1467 = PLANE('',#1468);
#1468 = AXIS2_PLACEMENT_3D('',#1469,#1470,#1471);
#1469 = CARTESIAN_POINT('',(-6.64,-26.46,2.71));
#1470 = DIRECTION('',(1.,0.,0.));
#1471 = DIRECTION('',(0.,0.,1.));
#1472 = ADVANCED_FACE('',(#1473),#1484,.F.);
#1473 = FACE_BOUND('',#1474,.F.);
#1474 = EDGE_LOOP('',(#1475,#1481,#1482,#1483));
#1475 = ORIENTED_EDGE('',*,*,#1476,.F.);
#1476 = EDGE_CURVE('',#709,#667,#1477,.T.);
#1477 = LINE('',#1478,#1479);
#1478 = CARTESIAN_POINT('',(13.006355572814,-20.20380358474,
    -3.598644427186));
#1479 = VECTOR('',#1480,1.);
#1480 = DIRECTION('',(-0.678598344546,-0.281084637715,-0.678598344546));
#1481 = ORIENTED_EDGE('',*,*,#716,.T.);
#1482 = ORIENTED_EDGE('',*,*,#618,.T.);
#1483 = ORIENTED_EDGE('',*,*,#674,.F.);
#1484 = PLANE('',#1485);
#1485 = AXIS2_PLACEMENT_3D('',#1486,#1487,#1488);
#1486 = CARTESIAN_POINT('',(12.105,-20.66,-4.5));
#1487 = DIRECTION('',(-0.707106781187,0.,0.707106781187));
#1488 = DIRECTION('',(0.,1.,0.));
#1489 = ADVANCED_FACE('',(#1490),#1501,.F.);
#1490 = FACE_BOUND('',#1491,.F.);
#1491 = EDGE_LOOP('',(#1492,#1493,#1494,#1500));
#1492 = ORIENTED_EDGE('',*,*,#635,.T.);
#1493 = ORIENTED_EDGE('',*,*,#735,.T.);
#1494 = ORIENTED_EDGE('',*,*,#1495,.T.);
#1495 = EDGE_CURVE('',#736,#659,#1496,.T.);
#1496 = LINE('',#1497,#1498);
#1497 = CARTESIAN_POINT('',(-16.70105852043,-18.6734075149,
    9.605852043104E-02));
#1498 = VECTOR('',#1499,1.);
#1499 = DIRECTION('',(0.678598344546,-0.281084637715,-0.678598344546));
#1500 = ORIENTED_EDGE('',*,*,#658,.F.);
#1501 = PLANE('',#1502);
#1502 = AXIS2_PLACEMENT_3D('',#1503,#1504,#1505);
#1503 = CARTESIAN_POINT('',(-12.105,18.08,-4.5));
#1504 = DIRECTION('',(0.707106781187,-2.11E-14,0.707106781187));
#1505 = DIRECTION('',(-2.976995308304E-14,-1.,-6.995308303615E-17));
#1506 = ADVANCED_FACE('',(#1507),#1523,.F.);
#1507 = FACE_BOUND('',#1508,.F.);
#1508 = EDGE_LOOP('',(#1509,#1510,#1516,#1517));
#1509 = ORIENTED_EDGE('',*,*,#789,.T.);
#1510 = ORIENTED_EDGE('',*,*,#1511,.T.);
#1511 = EDGE_CURVE('',#768,#667,#1512,.T.);
#1512 = LINE('',#1513,#1514);
#1513 = CARTESIAN_POINT('',(11.905,-27.46,2.1));
#1514 = VECTOR('',#1515,1.);
#1515 = DIRECTION('',(0.,0.707106781187,-0.707106781187));
#1516 = ORIENTED_EDGE('',*,*,#666,.F.);
#1517 = ORIENTED_EDGE('',*,*,#1518,.F.);
#1518 = EDGE_CURVE('',#790,#659,#1519,.T.);
#1519 = LINE('',#1520,#1521);
#1520 = CARTESIAN_POINT('',(-11.905,-27.46,2.1));
#1521 = VECTOR('',#1522,1.);
#1522 = DIRECTION('',(2.1E-14,0.707106781187,-0.707106781187));
#1523 = PLANE('',#1524);
#1524 = AXIS2_PLACEMENT_3D('',#1525,#1526,#1527);
#1525 = CARTESIAN_POINT('',(-12.305,-24.06,-1.3));
#1526 = DIRECTION('',(0.,0.707106781187,0.707106781187));
#1527 = DIRECTION('',(1.,0.,0.));
#1528 = ADVANCED_FACE('',(#1529),#1548,.F.);
#1529 = FACE_BOUND('',#1530,.T.);
#1530 = EDGE_LOOP('',(#1531,#1539,#1540,#1541));
#1531 = ORIENTED_EDGE('',*,*,#1532,.F.);
#1532 = EDGE_CURVE('',#683,#1533,#1535,.T.);
#1533 = VERTEX_POINT('',#1534);
#1534 = CARTESIAN_POINT('',(4.465,-6.88,-3.4));
#1535 = LINE('',#1536,#1537);
#1536 = CARTESIAN_POINT('',(4.465,-6.88,-4.7));
#1537 = VECTOR('',#1538,1.);
#1538 = DIRECTION('',(0.,0.,1.));
#1539 = ORIENTED_EDGE('',*,*,#682,.T.);
#1540 = ORIENTED_EDGE('',*,*,#1532,.T.);
#1541 = ORIENTED_EDGE('',*,*,#1542,.F.);
#1542 = EDGE_CURVE('',#1533,#1533,#1543,.T.);
#1543 = CIRCLE('',#1544,2.04);
#1544 = AXIS2_PLACEMENT_3D('',#1545,#1546,#1547);
#1545 = CARTESIAN_POINT('',(6.505,-6.88,-3.4));
#1546 = DIRECTION('',(0.,0.,-1.));
#1547 = DIRECTION('',(-1.,0.,0.));
#1548 = CYLINDRICAL_SURFACE('',#1549,2.04);
#1549 = AXIS2_PLACEMENT_3D('',#1550,#1551,#1552);
#1550 = CARTESIAN_POINT('',(6.505,-6.88,-4.7));
#1551 = DIRECTION('',(0.,0.,1.));
#1552 = DIRECTION('',(-1.,0.,0.));
#1553 = ADVANCED_FACE('',(#1554),#1560,.F.);
#1554 = FACE_BOUND('',#1555,.F.);
#1555 = EDGE_LOOP('',(#1556,#1557,#1558,#1559));
#1556 = ORIENTED_EDGE('',*,*,#767,.F.);
#1557 = ORIENTED_EDGE('',*,*,#708,.T.);
#1558 = ORIENTED_EDGE('',*,*,#1476,.T.);
#1559 = ORIENTED_EDGE('',*,*,#1511,.F.);
#1560 = PLANE('',#1561);
#1561 = AXIS2_PLACEMENT_3D('',#1562,#1563,#1564);
#1562 = CARTESIAN_POINT('',(12.105,-27.31857864376,2.241421356237));
#1563 = DIRECTION('',(-0.707106781187,0.5,0.5));
#1564 = DIRECTION('',(-1.110223024625E-16,0.707106781187,-0.707106781187
    ));
#1565 = ADVANCED_FACE('',(#1566),#1572,.F.);
#1566 = FACE_BOUND('',#1567,.T.);
#1567 = EDGE_LOOP('',(#1568,#1569,#1570,#1571));
#1568 = ORIENTED_EDGE('',*,*,#1099,.F.);
#1569 = ORIENTED_EDGE('',*,*,#743,.T.);
#1570 = ORIENTED_EDGE('',*,*,#1495,.T.);
#1571 = ORIENTED_EDGE('',*,*,#1518,.F.);
#1572 = PLANE('',#1573);
#1573 = AXIS2_PLACEMENT_3D('',#1574,#1575,#1576);
#1574 = CARTESIAN_POINT('',(-12.105,-27.31857864376,2.241421356237));
#1575 = DIRECTION('',(0.707106781187,0.5,0.5));
#1576 = DIRECTION('',(-2.098321516542E-14,-0.707106781187,0.707106781187
    ));
#1577 = ADVANCED_FACE('',(#1578),#1584,.T.);
#1578 = FACE_BOUND('',#1579,.T.);
#1579 = EDGE_LOOP('',(#1580,#1581,#1582,#1583));
#1580 = ORIENTED_EDGE('',*,*,#807,.T.);
#1581 = ORIENTED_EDGE('',*,*,#846,.F.);
#1582 = ORIENTED_EDGE('',*,*,#891,.T.);
#1583 = ORIENTED_EDGE('',*,*,#1462,.F.);
#1584 = PLANE('',#1585);
#1585 = AXIS2_PLACEMENT_3D('',#1586,#1587,#1588);
#1586 = CARTESIAN_POINT('',(5.00000000001E-03,-26.46,2.82));
#1587 = DIRECTION('',(0.,0.,1.));
#1588 = DIRECTION('',(1.,0.,0.));
#1589 = ADVANCED_FACE('',(#1590),#1601,.F.);
#1590 = FACE_BOUND('',#1591,.T.);
#1591 = EDGE_LOOP('',(#1592,#1593,#1599,#1600));
#1592 = ORIENTED_EDGE('',*,*,#948,.F.);
#1593 = ORIENTED_EDGE('',*,*,#1594,.T.);
#1594 = EDGE_CURVE('',#949,#1438,#1595,.T.);
#1595 = LINE('',#1596,#1597);
#1596 = CARTESIAN_POINT('',(10.305,-20.66,-2.7));
#1597 = VECTOR('',#1598,1.);
#1598 = DIRECTION('',(-1.,0.,0.));
#1599 = ORIENTED_EDGE('',*,*,#1445,.T.);
#1600 = ORIENTED_EDGE('',*,*,#868,.F.);
#1601 = PLANE('',#1602);
#1602 = AXIS2_PLACEMENT_3D('',#1603,#1604,#1605);
#1603 = CARTESIAN_POINT('',(10.305,-23.06,-0.3));
#1604 = DIRECTION('',(7.E-17,-0.707106781187,-0.707106781187));
#1605 = DIRECTION('',(1.,4.949747468306E-17,4.949747468306E-17));
#1606 = ADVANCED_FACE('',(#1607),#1618,.T.);
#1607 = FACE_BOUND('',#1608,.F.);
#1608 = EDGE_LOOP('',(#1609,#1610,#1611,#1612));
#1609 = ORIENTED_EDGE('',*,*,#1132,.F.);
#1610 = ORIENTED_EDGE('',*,*,#1068,.T.);
#1611 = ORIENTED_EDGE('',*,*,#907,.T.);
#1612 = ORIENTED_EDGE('',*,*,#1613,.F.);
#1613 = EDGE_CURVE('',#1117,#910,#1614,.T.);
#1614 = LINE('',#1615,#1616);
#1615 = CARTESIAN_POINT('',(-10.305,18.08,-2.7));
#1616 = VECTOR('',#1617,1.);
#1617 = DIRECTION('',(1.,0.,0.));
#1618 = PLANE('',#1619);
#1619 = AXIS2_PLACEMENT_3D('',#1620,#1621,#1622);
#1620 = CARTESIAN_POINT('',(-10.305,19.43,-1.35));
#1621 = DIRECTION('',(0.,-0.707106781187,0.707106781187));
#1622 = DIRECTION('',(-1.,-0.,-0.));
#1623 = ADVANCED_FACE('',(#1624),#1699,.T.);
#1624 = FACE_BOUND('',#1625,.T.);
#1625 = EDGE_LOOP('',(#1626,#1627,#1628,#1629,#1630,#1631,#1632,#1633,
    #1641,#1650,#1656,#1657,#1658,#1659,#1667,#1676,#1684,#1693));
#1626 = ORIENTED_EDGE('',*,*,#988,.F.);
#1627 = ORIENTED_EDGE('',*,*,#1613,.F.);
#1628 = ORIENTED_EDGE('',*,*,#1114,.F.);
#1629 = ORIENTED_EDGE('',*,*,#1156,.T.);
#1630 = ORIENTED_EDGE('',*,*,#1180,.T.);
#1631 = ORIENTED_EDGE('',*,*,#1204,.F.);
#1632 = ORIENTED_EDGE('',*,*,#1220,.F.);
#1633 = ORIENTED_EDGE('',*,*,#1634,.T.);
#1634 = EDGE_CURVE('',#1221,#1635,#1637,.T.);
#1635 = VERTEX_POINT('',#1636);
#1636 = CARTESIAN_POINT('',(-9.305000000001,-7.47,-2.7));
#1637 = LINE('',#1638,#1639);
#1638 = CARTESIAN_POINT('',(-10.305,-7.47,-2.7));
#1639 = VECTOR('',#1640,1.);
#1640 = DIRECTION('',(1.,0.,0.));
#1641 = ORIENTED_EDGE('',*,*,#1642,.F.);
#1642 = EDGE_CURVE('',#1643,#1635,#1645,.T.);
#1643 = VERTEX_POINT('',#1644);
#1644 = CARTESIAN_POINT('',(-9.305000000001,-16.47,-2.7));
#1645 = CIRCLE('',#1646,4.5);
#1646 = AXIS2_PLACEMENT_3D('',#1647,#1648,#1649);
#1647 = CARTESIAN_POINT('',(-9.305000000001,-11.97,-2.7));
#1648 = DIRECTION('',(0.,0.,1.));
#1649 = DIRECTION('',(1.,0.,0.));
#1650 = ORIENTED_EDGE('',*,*,#1651,.F.);
#1651 = EDGE_CURVE('',#1430,#1643,#1652,.T.);
#1652 = LINE('',#1653,#1654);
#1653 = CARTESIAN_POINT('',(-10.305,-16.47,-2.7));
#1654 = VECTOR('',#1655,1.);
#1655 = DIRECTION('',(1.,0.,0.));
#1656 = ORIENTED_EDGE('',*,*,#1437,.F.);
#1657 = ORIENTED_EDGE('',*,*,#1594,.F.);
#1658 = ORIENTED_EDGE('',*,*,#956,.F.);
#1659 = ORIENTED_EDGE('',*,*,#1660,.T.);
#1660 = EDGE_CURVE('',#957,#1661,#1663,.T.);
#1661 = VERTEX_POINT('',#1662);
#1662 = CARTESIAN_POINT('',(6.505,-13.38,-2.7));
#1663 = LINE('',#1664,#1665);
#1664 = CARTESIAN_POINT('',(10.305,-13.38,-2.7));
#1665 = VECTOR('',#1666,1.);
#1666 = DIRECTION('',(-1.,0.,0.));
#1667 = ORIENTED_EDGE('',*,*,#1668,.F.);
#1668 = EDGE_CURVE('',#1669,#1661,#1671,.T.);
#1669 = VERTEX_POINT('',#1670);
#1670 = CARTESIAN_POINT('',(4.005000000041,-10.87998566921,-2.7));
#1671 = CIRCLE('',#1672,2.5);
#1672 = AXIS2_PLACEMENT_3D('',#1673,#1674,#1675);
#1673 = CARTESIAN_POINT('',(6.505,-10.88,-2.7));
#1674 = DIRECTION('',(0.,0.,1.));
#1675 = DIRECTION('',(1.,0.,0.));
#1676 = ORIENTED_EDGE('',*,*,#1677,.F.);
#1677 = EDGE_CURVE('',#1678,#1669,#1680,.T.);
#1678 = VERTEX_POINT('',#1679);
#1679 = CARTESIAN_POINT('',(4.005000000021,10.87,-2.7));
#1680 = LINE('',#1681,#1682);
#1681 = CARTESIAN_POINT('',(4.005000000041,10.87,-2.7));
#1682 = VECTOR('',#1683,1.);
#1683 = DIRECTION('',(0.,-1.,0.));
#1684 = ORIENTED_EDGE('',*,*,#1685,.F.);
#1685 = EDGE_CURVE('',#1686,#1678,#1688,.T.);
#1686 = VERTEX_POINT('',#1687);
#1687 = CARTESIAN_POINT('',(6.505,13.37,-2.7));
#1688 = CIRCLE('',#1689,2.5);
#1689 = AXIS2_PLACEMENT_3D('',#1690,#1691,#1692);
#1690 = CARTESIAN_POINT('',(6.505,10.87,-2.7));
#1691 = DIRECTION('',(0.,0.,1.));
#1692 = DIRECTION('',(1.,0.,0.));
#1693 = ORIENTED_EDGE('',*,*,#1694,.T.);
#1694 = EDGE_CURVE('',#1686,#981,#1695,.T.);
#1695 = LINE('',#1696,#1697);
#1696 = CARTESIAN_POINT('',(6.505,13.37,-2.7));
#1697 = VECTOR('',#1698,1.);
#1698 = DIRECTION('',(1.,0.,0.));
#1699 = PLANE('',#1700);
#1700 = AXIS2_PLACEMENT_3D('',#1701,#1702,#1703);
#1701 = CARTESIAN_POINT('',(-3.7364E-13,-2.34,-2.7));
#1702 = DIRECTION('',(0.,0.,1.));
#1703 = DIRECTION('',(1.,0.,0.));
#1704 = ADVANCED_FACE('',(#1705),#1723,.T.);
#1705 = FACE_BOUND('',#1706,.T.);
#1706 = EDGE_LOOP('',(#1707,#1715,#1721,#1722));
#1707 = ORIENTED_EDGE('',*,*,#1708,.T.);
#1708 = EDGE_CURVE('',#1686,#1709,#1711,.T.);
#1709 = VERTEX_POINT('',#1710);
#1710 = CARTESIAN_POINT('',(6.505,13.37,-0.1));
#1711 = LINE('',#1712,#1713);
#1712 = CARTESIAN_POINT('',(6.505,13.37,-2.7));
#1713 = VECTOR('',#1714,1.);
#1714 = DIRECTION('',(0.,0.,1.));
#1715 = ORIENTED_EDGE('',*,*,#1716,.T.);
#1716 = EDGE_CURVE('',#1709,#973,#1717,.T.);
#1717 = LINE('',#1718,#1719);
#1718 = CARTESIAN_POINT('',(6.505,13.37,-0.1));
#1719 = VECTOR('',#1720,1.);
#1720 = DIRECTION('',(1.,0.,0.));
#1721 = ORIENTED_EDGE('',*,*,#980,.F.);
#1722 = ORIENTED_EDGE('',*,*,#1694,.F.);
#1723 = PLANE('',#1724);
#1724 = AXIS2_PLACEMENT_3D('',#1725,#1726,#1727);
#1725 = CARTESIAN_POINT('',(6.505,13.37,-2.7));
#1726 = DIRECTION('',(0.,1.,0.));
#1727 = DIRECTION('',(1.,0.,0.));
#1728 = ADVANCED_FACE('',(#1729,#1765,#1776,#1787),#1798,.T.);
#1729 = FACE_BOUND('',#1730,.T.);
#1730 = EDGE_LOOP('',(#1731,#1732,#1741,#1749,#1758,#1764));
#1731 = ORIENTED_EDGE('',*,*,#1716,.F.);
#1732 = ORIENTED_EDGE('',*,*,#1733,.T.);
#1733 = EDGE_CURVE('',#1709,#1734,#1736,.T.);
#1734 = VERTEX_POINT('',#1735);
#1735 = CARTESIAN_POINT('',(4.005000000021,10.87,-0.1));
#1736 = CIRCLE('',#1737,2.5);
#1737 = AXIS2_PLACEMENT_3D('',#1738,#1739,#1740);
#1738 = CARTESIAN_POINT('',(6.505,10.87,-0.1));
#1739 = DIRECTION('',(0.,0.,1.));
#1740 = DIRECTION('',(1.,0.,0.));
#1741 = ORIENTED_EDGE('',*,*,#1742,.T.);
#1742 = EDGE_CURVE('',#1734,#1743,#1745,.T.);
#1743 = VERTEX_POINT('',#1744);
#1744 = CARTESIAN_POINT('',(4.005000000041,-10.87998566921,-0.1));
#1745 = LINE('',#1746,#1747);
#1746 = CARTESIAN_POINT('',(4.005000000041,10.87,-0.1));
#1747 = VECTOR('',#1748,1.);
#1748 = DIRECTION('',(0.,-1.,0.));
#1749 = ORIENTED_EDGE('',*,*,#1750,.T.);
#1750 = EDGE_CURVE('',#1743,#1751,#1753,.T.);
#1751 = VERTEX_POINT('',#1752);
#1752 = CARTESIAN_POINT('',(6.505,-13.38,-0.1));
#1753 = CIRCLE('',#1754,2.5);
#1754 = AXIS2_PLACEMENT_3D('',#1755,#1756,#1757);
#1755 = CARTESIAN_POINT('',(6.505,-10.88,-0.1));
#1756 = DIRECTION('',(0.,0.,1.));
#1757 = DIRECTION('',(1.,0.,0.));
#1758 = ORIENTED_EDGE('',*,*,#1759,.F.);
#1759 = EDGE_CURVE('',#965,#1751,#1760,.T.);
#1760 = LINE('',#1761,#1762);
#1761 = CARTESIAN_POINT('',(10.305,-13.38,-0.1));
#1762 = VECTOR('',#1763,1.);
#1763 = DIRECTION('',(-1.,0.,0.));
#1764 = ORIENTED_EDGE('',*,*,#972,.F.);
#1765 = FACE_BOUND('',#1766,.T.);
#1766 = EDGE_LOOP('',(#1767));
#1767 = ORIENTED_EDGE('',*,*,#1768,.F.);
#1768 = EDGE_CURVE('',#1769,#1769,#1771,.T.);
#1769 = VERTEX_POINT('',#1770);
#1770 = CARTESIAN_POINT('',(7.755,-10.88,-0.1));
#1771 = CIRCLE('',#1772,1.25);
#1772 = AXIS2_PLACEMENT_3D('',#1773,#1774,#1775);
#1773 = CARTESIAN_POINT('',(6.505,-10.88,-0.1));
#1774 = DIRECTION('',(0.,0.,1.));
#1775 = DIRECTION('',(1.,0.,0.));
#1776 = FACE_BOUND('',#1777,.T.);
#1777 = EDGE_LOOP('',(#1778));
#1778 = ORIENTED_EDGE('',*,*,#1779,.F.);
#1779 = EDGE_CURVE('',#1780,#1780,#1782,.T.);
#1780 = VERTEX_POINT('',#1781);
#1781 = CARTESIAN_POINT('',(5.63,-6.88,-0.1));
#1782 = CIRCLE('',#1783,0.875);
#1783 = AXIS2_PLACEMENT_3D('',#1784,#1785,#1786);
#1784 = CARTESIAN_POINT('',(6.505,-6.88,-1.E-01));
#1785 = DIRECTION('',(0.,0.,1.));
#1786 = DIRECTION('',(-1.,0.,0.));
#1787 = FACE_BOUND('',#1788,.T.);
#1788 = EDGE_LOOP('',(#1789));
#1789 = ORIENTED_EDGE('',*,*,#1790,.F.);
#1790 = EDGE_CURVE('',#1791,#1791,#1793,.T.);
#1791 = VERTEX_POINT('',#1792);
#1792 = CARTESIAN_POINT('',(7.755,10.87,-0.1));
#1793 = CIRCLE('',#1794,1.25);
#1794 = AXIS2_PLACEMENT_3D('',#1795,#1796,#1797);
#1795 = CARTESIAN_POINT('',(6.505,10.87,-0.1));
#1796 = DIRECTION('',(0.,0.,1.));
#1797 = DIRECTION('',(1.,0.,0.));
#1798 = PLANE('',#1799);
#1799 = AXIS2_PLACEMENT_3D('',#1800,#1801,#1802);
#1800 = CARTESIAN_POINT('',(7.282284326292,-4.999892650429E-03,-1.E-01)
  );
#1801 = DIRECTION('',(0.,0.,1.));
#1802 = DIRECTION('',(1.,0.,0.));
#1803 = ADVANCED_FACE('',(#1804),#1815,.T.);
#1804 = FACE_BOUND('',#1805,.T.);
#1805 = EDGE_LOOP('',(#1806,#1807,#1808,#1814));
#1806 = ORIENTED_EDGE('',*,*,#964,.T.);
#1807 = ORIENTED_EDGE('',*,*,#1759,.T.);
#1808 = ORIENTED_EDGE('',*,*,#1809,.F.);
#1809 = EDGE_CURVE('',#1661,#1751,#1810,.T.);
#1810 = LINE('',#1811,#1812);
#1811 = CARTESIAN_POINT('',(6.505,-13.38,-2.7));
#1812 = VECTOR('',#1813,1.);
#1813 = DIRECTION('',(0.,0.,1.));
#1814 = ORIENTED_EDGE('',*,*,#1660,.F.);
#1815 = PLANE('',#1816);
#1816 = AXIS2_PLACEMENT_3D('',#1817,#1818,#1819);
#1817 = CARTESIAN_POINT('',(10.305,-13.38,-2.7));
#1818 = DIRECTION('',(0.,-1.,0.));
#1819 = DIRECTION('',(-1.,0.,0.));
#1820 = ADVANCED_FACE('',(#1821),#1827,.T.);
#1821 = FACE_BOUND('',#1822,.F.);
#1822 = EDGE_LOOP('',(#1823,#1824,#1825,#1826));
#1823 = ORIENTED_EDGE('',*,*,#1034,.T.);
#1824 = ORIENTED_EDGE('',*,*,#1010,.T.);
#1825 = ORIENTED_EDGE('',*,*,#932,.T.);
#1826 = ORIENTED_EDGE('',*,*,#1051,.F.);
#1827 = PLANE('',#1828);
#1828 = AXIS2_PLACEMENT_3D('',#1829,#1830,#1831);
#1829 = CARTESIAN_POINT('',(1.645552381226E-13,3.395263868036E-14,0.6));
#1830 = DIRECTION('',(0.,0.,1.));
#1831 = DIRECTION('',(1.,0.,0.));
#1832 = ADVANCED_FACE('',(#1833),#1839,.T.);
#1833 = FACE_BOUND('',#1834,.T.);
#1834 = EDGE_LOOP('',(#1835,#1836,#1837,#1838));
#1835 = ORIENTED_EDGE('',*,*,#1306,.T.);
#1836 = ORIENTED_EDGE('',*,*,#1330,.T.);
#1837 = ORIENTED_EDGE('',*,*,#1259,.T.);
#1838 = ORIENTED_EDGE('',*,*,#1289,.F.);
#1839 = PLANE('',#1840);
#1840 = AXIS2_PLACEMENT_3D('',#1841,#1842,#1843);
#1841 = CARTESIAN_POINT('',(1.645552381226E-13,3.395263868036E-14,0.6));
#1842 = DIRECTION('',(0.,0.,1.));
#1843 = DIRECTION('',(1.,0.,0.));
#1844 = ADVANCED_FACE('',(#1845),#1875,.T.);
#1845 = FACE_BOUND('',#1846,.T.);
#1846 = EDGE_LOOP('',(#1847,#1855,#1864,#1870,#1871,#1872,#1873,#1874));
#1847 = ORIENTED_EDGE('',*,*,#1848,.T.);
#1848 = EDGE_CURVE('',#1422,#1849,#1851,.T.);
#1849 = VERTEX_POINT('',#1850);
#1850 = CARTESIAN_POINT('',(-9.305000000001,-16.47,-0.1));
#1851 = LINE('',#1852,#1853);
#1852 = CARTESIAN_POINT('',(-10.305,-16.47,-0.1));
#1853 = VECTOR('',#1854,1.);
#1854 = DIRECTION('',(1.,0.,0.));
#1855 = ORIENTED_EDGE('',*,*,#1856,.T.);
#1856 = EDGE_CURVE('',#1849,#1857,#1859,.T.);
#1857 = VERTEX_POINT('',#1858);
#1858 = CARTESIAN_POINT('',(-9.305000000001,-7.47,-0.1));
#1859 = CIRCLE('',#1860,4.5);
#1860 = AXIS2_PLACEMENT_3D('',#1861,#1862,#1863);
#1861 = CARTESIAN_POINT('',(-9.305000000001,-11.97,-0.1));
#1862 = DIRECTION('',(0.,0.,1.));
#1863 = DIRECTION('',(1.,0.,0.));
#1864 = ORIENTED_EDGE('',*,*,#1865,.F.);
#1865 = EDGE_CURVE('',#1229,#1857,#1866,.T.);
#1866 = LINE('',#1867,#1868);
#1867 = CARTESIAN_POINT('',(-10.305,-7.47,-0.1));
#1868 = VECTOR('',#1869,1.);
#1869 = DIRECTION('',(1.,0.,0.));
#1870 = ORIENTED_EDGE('',*,*,#1236,.T.);
#1871 = ORIENTED_EDGE('',*,*,#1346,.T.);
#1872 = ORIENTED_EDGE('',*,*,#1370,.T.);
#1873 = ORIENTED_EDGE('',*,*,#1394,.F.);
#1874 = ORIENTED_EDGE('',*,*,#1421,.T.);
#1875 = PLANE('',#1876);
#1876 = AXIS2_PLACEMENT_3D('',#1877,#1878,#1879);
#1877 = CARTESIAN_POINT('',(-8.281570250888,-11.97,-1.E-01));
#1878 = DIRECTION('',(0.,0.,1.));
#1879 = DIRECTION('',(1.,0.,0.));
#1880 = ADVANCED_FACE('',(#1881),#1892,.T.);
#1881 = FACE_BOUND('',#1882,.T.);
#1882 = EDGE_LOOP('',(#1883,#1884,#1885,#1891));
#1883 = ORIENTED_EDGE('',*,*,#1228,.T.);
#1884 = ORIENTED_EDGE('',*,*,#1865,.T.);
#1885 = ORIENTED_EDGE('',*,*,#1886,.F.);
#1886 = EDGE_CURVE('',#1635,#1857,#1887,.T.);
#1887 = LINE('',#1888,#1889);
#1888 = CARTESIAN_POINT('',(-9.305000000001,-7.47,-2.7));
#1889 = VECTOR('',#1890,1.);
#1890 = DIRECTION('',(0.,0.,1.));
#1891 = ORIENTED_EDGE('',*,*,#1634,.F.);
#1892 = PLANE('',#1893);
#1893 = AXIS2_PLACEMENT_3D('',#1894,#1895,#1896);
#1894 = CARTESIAN_POINT('',(-10.305,-7.47,-2.7));
#1895 = DIRECTION('',(0.,1.,0.));
#1896 = DIRECTION('',(1.,0.,0.));
#1897 = ADVANCED_FACE('',(#1898),#1909,.F.);
#1898 = FACE_BOUND('',#1899,.F.);
#1899 = EDGE_LOOP('',(#1900,#1901,#1902,#1908));
#1900 = ORIENTED_EDGE('',*,*,#1429,.T.);
#1901 = ORIENTED_EDGE('',*,*,#1848,.T.);
#1902 = ORIENTED_EDGE('',*,*,#1903,.F.);
#1903 = EDGE_CURVE('',#1643,#1849,#1904,.T.);
#1904 = LINE('',#1905,#1906);
#1905 = CARTESIAN_POINT('',(-9.305000000001,-16.47,-2.7));
#1906 = VECTOR('',#1907,1.);
#1907 = DIRECTION('',(0.,0.,1.));
#1908 = ORIENTED_EDGE('',*,*,#1651,.F.);
#1909 = PLANE('',#1910);
#1910 = AXIS2_PLACEMENT_3D('',#1911,#1912,#1913);
#1911 = CARTESIAN_POINT('',(-10.305,-16.47,-2.7));
#1912 = DIRECTION('',(0.,1.,0.));
#1913 = DIRECTION('',(1.,0.,0.));
#1914 = ADVANCED_FACE('',(#1915,#1918),#1929,.T.);
#1915 = FACE_BOUND('',#1916,.T.);
#1916 = EDGE_LOOP('',(#1917));
#1917 = ORIENTED_EDGE('',*,*,#1542,.T.);
#1918 = FACE_BOUND('',#1919,.T.);
#1919 = EDGE_LOOP('',(#1920));
#1920 = ORIENTED_EDGE('',*,*,#1921,.F.);
#1921 = EDGE_CURVE('',#1922,#1922,#1924,.T.);
#1922 = VERTEX_POINT('',#1923);
#1923 = CARTESIAN_POINT('',(5.63,-6.88,-3.4));
#1924 = CIRCLE('',#1925,0.875);
#1925 = AXIS2_PLACEMENT_3D('',#1926,#1927,#1928);
#1926 = CARTESIAN_POINT('',(6.505,-6.88,-3.4));
#1927 = DIRECTION('',(0.,0.,-1.));
#1928 = DIRECTION('',(-1.,0.,0.));
#1929 = PLANE('',#1930);
#1930 = AXIS2_PLACEMENT_3D('',#1931,#1932,#1933);
#1931 = CARTESIAN_POINT('',(6.505,-6.88,-3.4));
#1932 = DIRECTION('',(0.,0.,-1.));
#1933 = DIRECTION('',(-1.,0.,0.));
#1934 = ADVANCED_FACE('',(#1935),#1946,.T.);
#1935 = FACE_BOUND('',#1936,.F.);
#1936 = EDGE_LOOP('',(#1937,#1938,#1939,#1945));
#1937 = ORIENTED_EDGE('',*,*,#1708,.T.);
#1938 = ORIENTED_EDGE('',*,*,#1733,.T.);
#1939 = ORIENTED_EDGE('',*,*,#1940,.F.);
#1940 = EDGE_CURVE('',#1678,#1734,#1941,.T.);
#1941 = LINE('',#1942,#1943);
#1942 = CARTESIAN_POINT('',(4.005000000021,10.87,-2.7));
#1943 = VECTOR('',#1944,1.);
#1944 = DIRECTION('',(0.,0.,1.));
#1945 = ORIENTED_EDGE('',*,*,#1685,.F.);
#1946 = CYLINDRICAL_SURFACE('',#1947,2.5);
#1947 = AXIS2_PLACEMENT_3D('',#1948,#1949,#1950);
#1948 = CARTESIAN_POINT('',(6.505,10.87,-2.7));
#1949 = DIRECTION('',(-0.,-0.,-1.));
#1950 = DIRECTION('',(1.,0.,0.));
#1951 = ADVANCED_FACE('',(#1952),#1963,.F.);
#1952 = FACE_BOUND('',#1953,.F.);
#1953 = EDGE_LOOP('',(#1954,#1955,#1956,#1962));
#1954 = ORIENTED_EDGE('',*,*,#1940,.T.);
#1955 = ORIENTED_EDGE('',*,*,#1742,.T.);
#1956 = ORIENTED_EDGE('',*,*,#1957,.F.);
#1957 = EDGE_CURVE('',#1669,#1743,#1958,.T.);
#1958 = LINE('',#1959,#1960);
#1959 = CARTESIAN_POINT('',(4.005000000041,-10.87998566921,-2.7));
#1960 = VECTOR('',#1961,1.);
#1961 = DIRECTION('',(0.,0.,1.));
#1962 = ORIENTED_EDGE('',*,*,#1677,.F.);
#1963 = PLANE('',#1964);
#1964 = AXIS2_PLACEMENT_3D('',#1965,#1966,#1967);
#1965 = CARTESIAN_POINT('',(4.005000000041,10.87,-2.7));
#1966 = DIRECTION('',(1.,0.,0.));
#1967 = DIRECTION('',(0.,-1.,0.));
#1968 = ADVANCED_FACE('',(#1969),#1975,.T.);
#1969 = FACE_BOUND('',#1970,.F.);
#1970 = EDGE_LOOP('',(#1971,#1972,#1973,#1974));
#1971 = ORIENTED_EDGE('',*,*,#1957,.T.);
#1972 = ORIENTED_EDGE('',*,*,#1750,.T.);
#1973 = ORIENTED_EDGE('',*,*,#1809,.F.);
#1974 = ORIENTED_EDGE('',*,*,#1668,.F.);
#1975 = CYLINDRICAL_SURFACE('',#1976,2.5);
#1976 = AXIS2_PLACEMENT_3D('',#1977,#1978,#1979);
#1977 = CARTESIAN_POINT('',(6.505,-10.88,-2.7));
#1978 = DIRECTION('',(-0.,-0.,-1.));
#1979 = DIRECTION('',(1.,0.,0.));
#1980 = ADVANCED_FACE('',(#1981),#1987,.T.);
#1981 = FACE_BOUND('',#1982,.F.);
#1982 = EDGE_LOOP('',(#1983,#1984,#1985,#1986));
#1983 = ORIENTED_EDGE('',*,*,#1903,.T.);
#1984 = ORIENTED_EDGE('',*,*,#1856,.T.);
#1985 = ORIENTED_EDGE('',*,*,#1886,.F.);
#1986 = ORIENTED_EDGE('',*,*,#1642,.F.);
#1987 = CYLINDRICAL_SURFACE('',#1988,4.5);
#1988 = AXIS2_PLACEMENT_3D('',#1989,#1990,#1991);
#1989 = CARTESIAN_POINT('',(-9.305000000001,-11.97,-2.7));
#1990 = DIRECTION('',(-0.,-0.,-1.));
#1991 = DIRECTION('',(1.,0.,0.));
#1992 = ADVANCED_FACE('',(#1993),#2012,.F.);
#1993 = FACE_BOUND('',#1994,.T.);
#1994 = EDGE_LOOP('',(#1995,#2003,#2004,#2005));
#1995 = ORIENTED_EDGE('',*,*,#1996,.F.);
#1996 = EDGE_CURVE('',#1769,#1997,#1999,.T.);
#1997 = VERTEX_POINT('',#1998);
#1998 = CARTESIAN_POINT('',(7.38,-10.88,-0.475));
#1999 = LINE('',#2000,#2001);
#2000 = CARTESIAN_POINT('',(7.755,-10.88,-0.1));
#2001 = VECTOR('',#2002,1.);
#2002 = DIRECTION('',(-0.707106781187,0.,-0.707106781187));
#2003 = ORIENTED_EDGE('',*,*,#1768,.T.);
#2004 = ORIENTED_EDGE('',*,*,#1996,.T.);
#2005 = ORIENTED_EDGE('',*,*,#2006,.F.);
#2006 = EDGE_CURVE('',#1997,#1997,#2007,.T.);
#2007 = CIRCLE('',#2008,0.875);
#2008 = AXIS2_PLACEMENT_3D('',#2009,#2010,#2011);
#2009 = CARTESIAN_POINT('',(6.505,-10.88,-0.475));
#2010 = DIRECTION('',(0.,0.,1.));
#2011 = DIRECTION('',(1.,0.,0.));
#2012 = CONICAL_SURFACE('',#2013,1.25,0.785398163397);
#2013 = AXIS2_PLACEMENT_3D('',#2014,#2015,#2016);
#2014 = CARTESIAN_POINT('',(6.505,-10.88,-0.1));
#2015 = DIRECTION('',(0.,0.,1.));
#2016 = DIRECTION('',(1.,0.,0.));
#2017 = ADVANCED_FACE('',(#2018),#2029,.F.);
#2018 = FACE_BOUND('',#2019,.T.);
#2019 = EDGE_LOOP('',(#2020,#2026,#2027,#2028));
#2020 = ORIENTED_EDGE('',*,*,#2021,.F.);
#2021 = EDGE_CURVE('',#1922,#1780,#2022,.T.);
#2022 = LINE('',#2023,#2024);
#2023 = CARTESIAN_POINT('',(5.63,-6.88,-3.4));
#2024 = VECTOR('',#2025,1.);
#2025 = DIRECTION('',(6.E-17,0.,1.));
#2026 = ORIENTED_EDGE('',*,*,#1921,.T.);
#2027 = ORIENTED_EDGE('',*,*,#2021,.T.);
#2028 = ORIENTED_EDGE('',*,*,#1779,.T.);
#2029 = CYLINDRICAL_SURFACE('',#2030,0.875);
#2030 = AXIS2_PLACEMENT_3D('',#2031,#2032,#2033);
#2031 = CARTESIAN_POINT('',(6.505,-6.88,-3.4));
#2032 = DIRECTION('',(0.,0.,1.));
#2033 = DIRECTION('',(-1.,0.,0.));
#2034 = ADVANCED_FACE('',(#2035),#2054,.F.);
#2035 = FACE_BOUND('',#2036,.T.);
#2036 = EDGE_LOOP('',(#2037,#2045,#2046,#2047));
#2037 = ORIENTED_EDGE('',*,*,#2038,.F.);
#2038 = EDGE_CURVE('',#1791,#2039,#2041,.T.);
#2039 = VERTEX_POINT('',#2040);
#2040 = CARTESIAN_POINT('',(7.38,10.87,-0.475));
#2041 = LINE('',#2042,#2043);
#2042 = CARTESIAN_POINT('',(7.755,10.87,-0.1));
#2043 = VECTOR('',#2044,1.);
#2044 = DIRECTION('',(-0.707106781187,0.,-0.707106781187));
#2045 = ORIENTED_EDGE('',*,*,#1790,.T.);
#2046 = ORIENTED_EDGE('',*,*,#2038,.T.);
#2047 = ORIENTED_EDGE('',*,*,#2048,.F.);
#2048 = EDGE_CURVE('',#2039,#2039,#2049,.T.);
#2049 = CIRCLE('',#2050,0.875);
#2050 = AXIS2_PLACEMENT_3D('',#2051,#2052,#2053);
#2051 = CARTESIAN_POINT('',(6.505,10.87,-0.475));
#2052 = DIRECTION('',(0.,0.,1.));
#2053 = DIRECTION('',(1.,0.,0.));
#2054 = CONICAL_SURFACE('',#2055,1.25,0.785398163397);
#2055 = AXIS2_PLACEMENT_3D('',#2056,#2057,#2058);
#2056 = CARTESIAN_POINT('',(6.505,10.87,-0.1));
#2057 = DIRECTION('',(0.,0.,1.));
#2058 = DIRECTION('',(1.,0.,0.));
#2059 = ADVANCED_FACE('',(#2060),#2079,.F.);
#2060 = FACE_BOUND('',#2061,.T.);
#2061 = EDGE_LOOP('',(#2062,#2063,#2071,#2078));
#2062 = ORIENTED_EDGE('',*,*,#2006,.T.);
#2063 = ORIENTED_EDGE('',*,*,#2064,.T.);
#2064 = EDGE_CURVE('',#1997,#2065,#2067,.T.);
#2065 = VERTEX_POINT('',#2066);
#2066 = CARTESIAN_POINT('',(7.38,-10.88,-3.1));
#2067 = LINE('',#2068,#2069);
#2068 = CARTESIAN_POINT('',(7.38,-10.88,-0.475));
#2069 = VECTOR('',#2070,1.);
#2070 = DIRECTION('',(-8.E-17,0.,-1.));
#2071 = ORIENTED_EDGE('',*,*,#2072,.F.);
#2072 = EDGE_CURVE('',#2065,#2065,#2073,.T.);
#2073 = CIRCLE('',#2074,0.875);
#2074 = AXIS2_PLACEMENT_3D('',#2075,#2076,#2077);
#2075 = CARTESIAN_POINT('',(6.505,-10.88,-3.1));
#2076 = DIRECTION('',(0.,0.,1.));
#2077 = DIRECTION('',(1.,0.,0.));
#2078 = ORIENTED_EDGE('',*,*,#2064,.F.);
#2079 = CYLINDRICAL_SURFACE('',#2080,0.875);
#2080 = AXIS2_PLACEMENT_3D('',#2081,#2082,#2083);
#2081 = CARTESIAN_POINT('',(6.505,-10.88,-0.475));
#2082 = DIRECTION('',(-0.,-0.,-1.));
#2083 = DIRECTION('',(1.,0.,0.));
#2084 = ADVANCED_FACE('',(#2085),#2104,.F.);
#2085 = FACE_BOUND('',#2086,.T.);
#2086 = EDGE_LOOP('',(#2087,#2088,#2096,#2103));
#2087 = ORIENTED_EDGE('',*,*,#2048,.T.);
#2088 = ORIENTED_EDGE('',*,*,#2089,.T.);
#2089 = EDGE_CURVE('',#2039,#2090,#2092,.T.);
#2090 = VERTEX_POINT('',#2091);
#2091 = CARTESIAN_POINT('',(7.38,10.87,-3.1));
#2092 = LINE('',#2093,#2094);
#2093 = CARTESIAN_POINT('',(7.38,10.87,-0.475));
#2094 = VECTOR('',#2095,1.);
#2095 = DIRECTION('',(-8.E-17,0.,-1.));
#2096 = ORIENTED_EDGE('',*,*,#2097,.F.);
#2097 = EDGE_CURVE('',#2090,#2090,#2098,.T.);
#2098 = CIRCLE('',#2099,0.875);
#2099 = AXIS2_PLACEMENT_3D('',#2100,#2101,#2102);
#2100 = CARTESIAN_POINT('',(6.505,10.87,-3.1));
#2101 = DIRECTION('',(0.,0.,1.));
#2102 = DIRECTION('',(1.,0.,0.));
#2103 = ORIENTED_EDGE('',*,*,#2089,.F.);
#2104 = CYLINDRICAL_SURFACE('',#2105,0.875);
#2105 = AXIS2_PLACEMENT_3D('',#2106,#2107,#2108);
#2106 = CARTESIAN_POINT('',(6.505,10.87,-0.475));
#2107 = DIRECTION('',(-0.,-0.,-1.));
#2108 = DIRECTION('',(1.,0.,0.));
#2109 = ADVANCED_FACE('',(#2110),#2122,.F.);
#2110 = FACE_BOUND('',#2111,.T.);
#2111 = EDGE_LOOP('',(#2112,#2113,#2121));
#2112 = ORIENTED_EDGE('',*,*,#2072,.T.);
#2113 = ORIENTED_EDGE('',*,*,#2114,.T.);
#2114 = EDGE_CURVE('',#2065,#2115,#2117,.T.);
#2115 = VERTEX_POINT('',#2116);
#2116 = CARTESIAN_POINT('',(6.505,-10.88,-3.625753041649));
#2117 = LINE('',#2118,#2119);
#2118 = CARTESIAN_POINT('',(7.38,-10.88,-3.1));
#2119 = VECTOR('',#2120,1.);
#2120 = DIRECTION('',(-0.857167300702,-0.,-0.51503807491));
#2121 = ORIENTED_EDGE('',*,*,#2114,.F.);
#2122 = CONICAL_SURFACE('',#2123,0.875,1.029744258677);
#2123 = AXIS2_PLACEMENT_3D('',#2124,#2125,#2126);
#2124 = CARTESIAN_POINT('',(6.505,-10.88,-3.1));
#2125 = DIRECTION('',(0.,0.,1.));
#2126 = DIRECTION('',(1.,0.,0.));
#2127 = ADVANCED_FACE('',(#2128),#2140,.F.);
#2128 = FACE_BOUND('',#2129,.T.);
#2129 = EDGE_LOOP('',(#2130,#2131,#2139));
#2130 = ORIENTED_EDGE('',*,*,#2097,.T.);
#2131 = ORIENTED_EDGE('',*,*,#2132,.T.);
#2132 = EDGE_CURVE('',#2090,#2133,#2135,.T.);
#2133 = VERTEX_POINT('',#2134);
#2134 = CARTESIAN_POINT('',(6.505,10.87,-3.625753041649));
#2135 = LINE('',#2136,#2137);
#2136 = CARTESIAN_POINT('',(7.38,10.87,-3.1));
#2137 = VECTOR('',#2138,1.);
#2138 = DIRECTION('',(-0.857167300702,-0.,-0.51503807491));
#2139 = ORIENTED_EDGE('',*,*,#2132,.F.);
#2140 = CONICAL_SURFACE('',#2141,0.875,1.029744258677);
#2141 = AXIS2_PLACEMENT_3D('',#2142,#2143,#2144);
#2142 = CARTESIAN_POINT('',(6.505,10.87,-3.1));
#2143 = DIRECTION('',(0.,0.,1.));
#2144 = DIRECTION('',(1.,0.,0.));
#2145 = ( GEOMETRIC_REPRESENTATION_CONTEXT(3) 
GLOBAL_UNCERTAINTY_ASSIGNED_CONTEXT((#2149)) 
GLOBAL_UNIT_ASSIGNED_CONTEXT((#2146,#2147,#2148)) REPRESENTATION_CONTEXT
('Context #1','3D Context with UNIT and UNCERTAINTY') );
#2146 = ( LENGTH_UNIT() NAMED_UNIT(*) SI_UNIT(.MILLI.,.METRE.) );
#2147 = ( NAMED_UNIT(*) PLANE_ANGLE_UNIT() SI_UNIT($,.RADIAN.) );
#2148 = ( NAMED_UNIT(*) SI_UNIT($,.STERADIAN.) SOLID_ANGLE_UNIT() );
#2149 = UNCERTAINTY_MEASURE_WITH_UNIT(LENGTH_MEASURE(1.E-06),#2146,
  'distance_accuracy_value','confusion accuracy');
#2150 = CONTEXT_DEPENDENT_SHAPE_REPRESENTATION(#2151,#2153);
#2151 = ( REPRESENTATION_RELATIONSHIP('','',#36,#10) 
REPRESENTATION_RELATIONSHIP_WITH_TRANSFORMATION(#2152) 
SHAPE_REPRESENTATION_RELATIONSHIP() );
#2152 = ITEM_DEFINED_TRANSFORMATION('','',#11,#15);
#2153 = PRODUCT_DEFINITION_SHAPE('Placement','Placement of an item',
  #2154);
#2154 = NEXT_ASSEMBLY_USAGE_OCCURRENCE('251','Bottom','',#5,#31,$);
#2155 = PRODUCT_RELATED_PRODUCT_CATEGORY('part',$,(#33));
#2156 = SHAPE_DEFINITION_REPRESENTATION(#2157,#2163);
#2157 = PRODUCT_DEFINITION_SHAPE('','',#2158);
#2158 = PRODUCT_DEFINITION('design','',#2159,#2162);
#2159 = PRODUCT_DEFINITION_FORMATION('','',#2160);
#2160 = PRODUCT('Top','Top','',(#2161));
#2161 = PRODUCT_CONTEXT('',#2,'mechanical');
#2162 = PRODUCT_DEFINITION_CONTEXT('part definition',#2,'design');
#2163 = ADVANCED_BREP_SHAPE_REPRESENTATION('',(#11,#2164),#3779);
#2164 = MANIFOLD_SOLID_BREP('',#2165);
#2165 = CLOSED_SHELL('',(#2166,#2254,#2365,#2389,#2413,#2444,#2468,#2499
    ,#2523,#2627,#2651,#2668,#2705,#2752,#2781,#2804,#2827,#2890,#2914,
    #2977,#3001,#3050,#3067,#3098,#3122,#3171,#3188,#3205,#3245,#3274,
    #3297,#3320,#3348,#3365,#3382,#3394,#3406,#3423,#3440,#3452,#3483,
    #3500,#3517,#3541,#3558,#3582,#3599,#3616,#3638,#3650,#3667,#3679,
    #3704,#3716,#3736,#3761));
#2166 = ADVANCED_FACE('',(#2167),#2249,.T.);
#2167 = FACE_BOUND('',#2168,.T.);
#2168 = EDGE_LOOP('',(#2169,#2179,#2187,#2195,#2203,#2211,#2219,#2227,
    #2235,#2243));
#2169 = ORIENTED_EDGE('',*,*,#2170,.F.);
#2170 = EDGE_CURVE('',#2171,#2173,#2175,.T.);
#2171 = VERTEX_POINT('',#2172);
#2172 = CARTESIAN_POINT('',(-11.905,22.78,2.6));
#2173 = VERTEX_POINT('',#2174);
#2174 = CARTESIAN_POINT('',(-6.095,22.78,2.6));
#2175 = LINE('',#2176,#2177);
#2176 = CARTESIAN_POINT('',(-12.305,22.78,2.6));
#2177 = VECTOR('',#2178,1.);
#2178 = DIRECTION('',(1.,0.,0.));
#2179 = ORIENTED_EDGE('',*,*,#2180,.T.);
#2180 = EDGE_CURVE('',#2171,#2181,#2183,.T.);
#2181 = VERTEX_POINT('',#2182);
#2182 = CARTESIAN_POINT('',(-11.905,22.78,5.19));
#2183 = LINE('',#2184,#2185);
#2184 = CARTESIAN_POINT('',(-11.905,22.78,2.6));
#2185 = VECTOR('',#2186,1.);
#2186 = DIRECTION('',(0.,0.,1.));
#2187 = ORIENTED_EDGE('',*,*,#2188,.F.);
#2188 = EDGE_CURVE('',#2189,#2181,#2191,.T.);
#2189 = VERTEX_POINT('',#2190);
#2190 = CARTESIAN_POINT('',(11.905,22.78,5.19));
#2191 = LINE('',#2192,#2193);
#2192 = CARTESIAN_POINT('',(12.305,22.78,5.19));
#2193 = VECTOR('',#2194,1.);
#2194 = DIRECTION('',(-1.,0.,0.));
#2195 = ORIENTED_EDGE('',*,*,#2196,.F.);
#2196 = EDGE_CURVE('',#2197,#2189,#2199,.T.);
#2197 = VERTEX_POINT('',#2198);
#2198 = CARTESIAN_POINT('',(11.905,22.78,2.6));
#2199 = LINE('',#2200,#2201);
#2200 = CARTESIAN_POINT('',(11.905,22.78,2.6));
#2201 = VECTOR('',#2202,1.);
#2202 = DIRECTION('',(0.,0.,1.));
#2203 = ORIENTED_EDGE('',*,*,#2204,.F.);
#2204 = EDGE_CURVE('',#2205,#2197,#2207,.T.);
#2205 = VERTEX_POINT('',#2206);
#2206 = CARTESIAN_POINT('',(6.105,22.78,2.6));
#2207 = LINE('',#2208,#2209);
#2208 = CARTESIAN_POINT('',(-12.305,22.78,2.6));
#2209 = VECTOR('',#2210,1.);
#2210 = DIRECTION('',(1.,0.,0.));
#2211 = ORIENTED_EDGE('',*,*,#2212,.T.);
#2212 = EDGE_CURVE('',#2205,#2213,#2215,.T.);
#2213 = VERTEX_POINT('',#2214);
#2214 = CARTESIAN_POINT('',(6.105,22.78,4.65));
#2215 = LINE('',#2216,#2217);
#2216 = CARTESIAN_POINT('',(6.105,22.78,2.6));
#2217 = VECTOR('',#2218,1.);
#2218 = DIRECTION('',(0.,0.,1.));
#2219 = ORIENTED_EDGE('',*,*,#2220,.F.);
#2220 = EDGE_CURVE('',#2221,#2213,#2223,.T.);
#2221 = VERTEX_POINT('',#2222);
#2222 = CARTESIAN_POINT('',(5.805,22.78,4.95));
#2223 = LINE('',#2224,#2225);
#2224 = CARTESIAN_POINT('',(1.94,22.78,8.815));
#2225 = VECTOR('',#2226,1.);
#2226 = DIRECTION('',(0.707106781187,0.,-0.707106781187));
#2227 = ORIENTED_EDGE('',*,*,#2228,.F.);
#2228 = EDGE_CURVE('',#2229,#2221,#2231,.T.);
#2229 = VERTEX_POINT('',#2230);
#2230 = CARTESIAN_POINT('',(-5.795,22.78,4.95));
#2231 = LINE('',#2232,#2233);
#2232 = CARTESIAN_POINT('',(-6.095,22.78,4.95));
#2233 = VECTOR('',#2234,1.);
#2234 = DIRECTION('',(1.,0.,0.));
#2235 = ORIENTED_EDGE('',*,*,#2236,.F.);
#2236 = EDGE_CURVE('',#2237,#2229,#2239,.T.);
#2237 = VERTEX_POINT('',#2238);
#2238 = CARTESIAN_POINT('',(-6.095,22.78,4.65));
#2239 = LINE('',#2240,#2241);
#2240 = CARTESIAN_POINT('',(-8.085,22.78,2.66));
#2241 = VECTOR('',#2242,1.);
#2242 = DIRECTION('',(0.707106781187,0.,0.707106781187));
#2243 = ORIENTED_EDGE('',*,*,#2244,.F.);
#2244 = EDGE_CURVE('',#2173,#2237,#2245,.T.);
#2245 = LINE('',#2246,#2247);
#2246 = CARTESIAN_POINT('',(-6.095,22.78,2.6));
#2247 = VECTOR('',#2248,1.);
#2248 = DIRECTION('',(0.,0.,1.));
#2249 = PLANE('',#2250);
#2250 = AXIS2_PLACEMENT_3D('',#2251,#2252,#2253);
#2251 = CARTESIAN_POINT('',(-12.305,22.78,2.6));
#2252 = DIRECTION('',(0.,1.,0.));
#2253 = DIRECTION('',(1.,0.,0.));
#2254 = ADVANCED_FACE('',(#2255),#2360,.F.);
#2255 = FACE_BOUND('',#2256,.F.);
#2256 = EDGE_LOOP('',(#2257,#2258,#2266,#2274,#2282,#2290,#2298,#2306,
    #2314,#2322,#2330,#2338,#2346,#2354));
#2257 = ORIENTED_EDGE('',*,*,#2170,.F.);
#2258 = ORIENTED_EDGE('',*,*,#2259,.T.);
#2259 = EDGE_CURVE('',#2171,#2260,#2262,.T.);
#2260 = VERTEX_POINT('',#2261);
#2261 = CARTESIAN_POINT('',(-12.305,22.38,2.6));
#2262 = LINE('',#2263,#2264);
#2263 = CARTESIAN_POINT('',(-15.30875,19.37625,2.6));
#2264 = VECTOR('',#2265,1.);
#2265 = DIRECTION('',(-0.707106781187,-0.707106781187,0.));
#2266 = ORIENTED_EDGE('',*,*,#2267,.T.);
#2267 = EDGE_CURVE('',#2260,#2268,#2270,.T.);
#2268 = VERTEX_POINT('',#2269);
#2269 = CARTESIAN_POINT('',(-12.305,-27.06,2.6));
#2270 = LINE('',#2271,#2272);
#2271 = CARTESIAN_POINT('',(-12.305,22.78,2.6));
#2272 = VECTOR('',#2273,1.);
#2273 = DIRECTION('',(0.,-1.,0.));
#2274 = ORIENTED_EDGE('',*,*,#2275,.F.);
#2275 = EDGE_CURVE('',#2276,#2268,#2278,.T.);
#2276 = VERTEX_POINT('',#2277);
#2277 = CARTESIAN_POINT('',(-11.905,-27.46,2.6));
#2278 = LINE('',#2279,#2280);
#2279 = CARTESIAN_POINT('',(-15.30875,-24.05625,2.6));
#2280 = VECTOR('',#2281,1.);
#2281 = DIRECTION('',(-0.707106781187,0.707106781187,0.));
#2282 = ORIENTED_EDGE('',*,*,#2283,.T.);
#2283 = EDGE_CURVE('',#2276,#2284,#2286,.T.);
#2284 = VERTEX_POINT('',#2285);
#2285 = CARTESIAN_POINT('',(-6.665,-27.46,2.6));
#2286 = LINE('',#2287,#2288);
#2287 = CARTESIAN_POINT('',(-12.305,-27.46,2.6));
#2288 = VECTOR('',#2289,1.);
#2289 = DIRECTION('',(1.,2.02E-15,0.));
#2290 = ORIENTED_EDGE('',*,*,#2291,.T.);
#2291 = EDGE_CURVE('',#2284,#2292,#2294,.T.);
#2292 = VERTEX_POINT('',#2293);
#2293 = CARTESIAN_POINT('',(-6.665,-25.46,2.6));
#2294 = LINE('',#2295,#2296);
#2295 = CARTESIAN_POINT('',(-6.665,-27.46,2.6));
#2296 = VECTOR('',#2297,1.);
#2297 = DIRECTION('',(0.,1.,0.));
#2298 = ORIENTED_EDGE('',*,*,#2299,.F.);
#2299 = EDGE_CURVE('',#2300,#2292,#2302,.T.);
#2300 = VERTEX_POINT('',#2301);
#2301 = CARTESIAN_POINT('',(-10.305,-25.46,2.6));
#2302 = LINE('',#2303,#2304);
#2303 = CARTESIAN_POINT('',(-12.305,-25.46,2.6));
#2304 = VECTOR('',#2305,1.);
#2305 = DIRECTION('',(1.,2.02E-15,0.));
#2306 = ORIENTED_EDGE('',*,*,#2307,.F.);
#2307 = EDGE_CURVE('',#2308,#2300,#2310,.T.);
#2308 = VERTEX_POINT('',#2309);
#2309 = CARTESIAN_POINT('',(-10.305,-5.,2.6));
#2310 = LINE('',#2311,#2312);
#2311 = CARTESIAN_POINT('',(-10.305,22.78,2.6));
#2312 = VECTOR('',#2313,1.);
#2313 = DIRECTION('',(0.,-1.,0.));
#2314 = ORIENTED_EDGE('',*,*,#2315,.F.);
#2315 = EDGE_CURVE('',#2316,#2308,#2318,.T.);
#2316 = VERTEX_POINT('',#2317);
#2317 = CARTESIAN_POINT('',(-11.305,-5.,2.6));
#2318 = LINE('',#2319,#2320);
#2319 = CARTESIAN_POINT('',(-11.305,-5.,2.6));
#2320 = VECTOR('',#2321,1.);
#2321 = DIRECTION('',(1.,0.,0.));
#2322 = ORIENTED_EDGE('',*,*,#2323,.F.);
#2323 = EDGE_CURVE('',#2324,#2316,#2326,.T.);
#2324 = VERTEX_POINT('',#2325);
#2325 = CARTESIAN_POINT('',(-11.305,5.,2.6));
#2326 = LINE('',#2327,#2328);
#2327 = CARTESIAN_POINT('',(-11.305,5.,2.6));
#2328 = VECTOR('',#2329,1.);
#2329 = DIRECTION('',(0.,-1.,0.));
#2330 = ORIENTED_EDGE('',*,*,#2331,.F.);
#2331 = EDGE_CURVE('',#2332,#2324,#2334,.T.);
#2332 = VERTEX_POINT('',#2333);
#2333 = CARTESIAN_POINT('',(-10.305,5.,2.6));
#2334 = LINE('',#2335,#2336);
#2335 = CARTESIAN_POINT('',(-10.305,5.,2.6));
#2336 = VECTOR('',#2337,1.);
#2337 = DIRECTION('',(-1.,0.,0.));
#2338 = ORIENTED_EDGE('',*,*,#2339,.F.);
#2339 = EDGE_CURVE('',#2340,#2332,#2342,.T.);
#2340 = VERTEX_POINT('',#2341);
#2341 = CARTESIAN_POINT('',(-10.305,20.78,2.6));
#2342 = LINE('',#2343,#2344);
#2343 = CARTESIAN_POINT('',(-10.305,22.78,2.6));
#2344 = VECTOR('',#2345,1.);
#2345 = DIRECTION('',(0.,-1.,0.));
#2346 = ORIENTED_EDGE('',*,*,#2347,.T.);
#2347 = EDGE_CURVE('',#2340,#2348,#2350,.T.);
#2348 = VERTEX_POINT('',#2349);
#2349 = CARTESIAN_POINT('',(-6.095,20.78,2.6));
#2350 = LINE('',#2351,#2352);
#2351 = CARTESIAN_POINT('',(-12.305,20.78,2.6));
#2352 = VECTOR('',#2353,1.);
#2353 = DIRECTION('',(1.,0.,0.));
#2354 = ORIENTED_EDGE('',*,*,#2355,.T.);
#2355 = EDGE_CURVE('',#2348,#2173,#2356,.T.);
#2356 = LINE('',#2357,#2358);
#2357 = CARTESIAN_POINT('',(-6.095,20.78,2.6));
#2358 = VECTOR('',#2359,1.);
#2359 = DIRECTION('',(0.,1.,0.));
#2360 = PLANE('',#2361);
#2361 = AXIS2_PLACEMENT_3D('',#2362,#2363,#2364);
#2362 = CARTESIAN_POINT('',(-4.56E-15,-2.34,2.6));
#2363 = DIRECTION('',(0.,0.,1.));
#2364 = DIRECTION('',(1.,0.,0.));
#2365 = ADVANCED_FACE('',(#2366),#2384,.T.);
#2366 = FACE_BOUND('',#2367,.F.);
#2367 = EDGE_LOOP('',(#2368,#2369,#2370,#2378));
#2368 = ORIENTED_EDGE('',*,*,#2259,.F.);
#2369 = ORIENTED_EDGE('',*,*,#2180,.T.);
#2370 = ORIENTED_EDGE('',*,*,#2371,.T.);
#2371 = EDGE_CURVE('',#2181,#2372,#2374,.T.);
#2372 = VERTEX_POINT('',#2373);
#2373 = CARTESIAN_POINT('',(-12.305,22.38,5.024314575051));
#2374 = LINE('',#2375,#2376);
#2375 = CARTESIAN_POINT('',(-12.63563608738,22.049363912619,
    4.887360623447));
#2376 = VECTOR('',#2377,1.);
#2377 = DIRECTION('',(-0.678598344546,-0.678598344546,-0.281084637715));
#2378 = ORIENTED_EDGE('',*,*,#2379,.F.);
#2379 = EDGE_CURVE('',#2260,#2372,#2380,.T.);
#2380 = LINE('',#2381,#2382);
#2381 = CARTESIAN_POINT('',(-12.305,22.38,2.6));
#2382 = VECTOR('',#2383,1.);
#2383 = DIRECTION('',(0.,0.,1.));
#2384 = PLANE('',#2385);
#2385 = AXIS2_PLACEMENT_3D('',#2386,#2387,#2388);
#2386 = CARTESIAN_POINT('',(-12.105,22.58,2.6));
#2387 = DIRECTION('',(-0.707106781187,0.707106781187,0.));
#2388 = DIRECTION('',(-0.,-0.,-1.));
#2389 = ADVANCED_FACE('',(#2390),#2408,.F.);
#2390 = FACE_BOUND('',#2391,.F.);
#2391 = EDGE_LOOP('',(#2392,#2400,#2406,#2407));
#2392 = ORIENTED_EDGE('',*,*,#2393,.T.);
#2393 = EDGE_CURVE('',#2348,#2394,#2396,.T.);
#2394 = VERTEX_POINT('',#2395);
#2395 = CARTESIAN_POINT('',(-6.095,20.78,4.65));
#2396 = LINE('',#2397,#2398);
#2397 = CARTESIAN_POINT('',(-6.095,20.78,2.6));
#2398 = VECTOR('',#2399,1.);
#2399 = DIRECTION('',(0.,0.,1.));
#2400 = ORIENTED_EDGE('',*,*,#2401,.T.);
#2401 = EDGE_CURVE('',#2394,#2237,#2402,.T.);
#2402 = LINE('',#2403,#2404);
#2403 = CARTESIAN_POINT('',(-6.095,20.78,4.65));
#2404 = VECTOR('',#2405,1.);
#2405 = DIRECTION('',(0.,1.,0.));
#2406 = ORIENTED_EDGE('',*,*,#2244,.F.);
#2407 = ORIENTED_EDGE('',*,*,#2355,.F.);
#2408 = PLANE('',#2409);
#2409 = AXIS2_PLACEMENT_3D('',#2410,#2411,#2412);
#2410 = CARTESIAN_POINT('',(-6.095,20.78,2.6));
#2411 = DIRECTION('',(-1.,0.,0.));
#2412 = DIRECTION('',(0.,1.,0.));
#2413 = ADVANCED_FACE('',(#2414),#2439,.F.);
#2414 = FACE_BOUND('',#2415,.F.);
#2415 = EDGE_LOOP('',(#2416,#2426,#2432,#2433));
#2416 = ORIENTED_EDGE('',*,*,#2417,.T.);
#2417 = EDGE_CURVE('',#2418,#2420,#2422,.T.);
#2418 = VERTEX_POINT('',#2419);
#2419 = CARTESIAN_POINT('',(11.905,20.56,7.41));
#2420 = VERTEX_POINT('',#2421);
#2421 = CARTESIAN_POINT('',(-11.905,20.56,7.41));
#2422 = LINE('',#2423,#2424);
#2423 = CARTESIAN_POINT('',(12.305,20.56,7.41));
#2424 = VECTOR('',#2425,1.);
#2425 = DIRECTION('',(-1.,0.,0.));
#2426 = ORIENTED_EDGE('',*,*,#2427,.T.);
#2427 = EDGE_CURVE('',#2420,#2181,#2428,.T.);
#2428 = LINE('',#2429,#2430);
#2429 = CARTESIAN_POINT('',(-11.905,20.56,7.41));
#2430 = VECTOR('',#2431,1.);
#2431 = DIRECTION('',(0.,0.707106781187,-0.707106781187));
#2432 = ORIENTED_EDGE('',*,*,#2188,.F.);
#2433 = ORIENTED_EDGE('',*,*,#2434,.F.);
#2434 = EDGE_CURVE('',#2418,#2189,#2435,.T.);
#2435 = LINE('',#2436,#2437);
#2436 = CARTESIAN_POINT('',(11.905,20.56,7.41));
#2437 = VECTOR('',#2438,1.);
#2438 = DIRECTION('',(0.,0.707106781187,-0.707106781187));
#2439 = PLANE('',#2440);
#2440 = AXIS2_PLACEMENT_3D('',#2441,#2442,#2443);
#2441 = CARTESIAN_POINT('',(12.305,21.67,6.3));
#2442 = DIRECTION('',(0.,-0.707106781187,-0.707106781187));
#2443 = DIRECTION('',(-1.,0.,0.));
#2444 = ADVANCED_FACE('',(#2445),#2463,.F.);
#2445 = FACE_BOUND('',#2446,.T.);
#2446 = EDGE_LOOP('',(#2447,#2455,#2456,#2457));
#2447 = ORIENTED_EDGE('',*,*,#2448,.F.);
#2448 = EDGE_CURVE('',#2394,#2449,#2451,.T.);
#2449 = VERTEX_POINT('',#2450);
#2450 = CARTESIAN_POINT('',(-5.795,20.78,4.95));
#2451 = LINE('',#2452,#2453);
#2452 = CARTESIAN_POINT('',(-8.085,20.78,2.66));
#2453 = VECTOR('',#2454,1.);
#2454 = DIRECTION('',(0.707106781187,0.,0.707106781187));
#2455 = ORIENTED_EDGE('',*,*,#2401,.T.);
#2456 = ORIENTED_EDGE('',*,*,#2236,.T.);
#2457 = ORIENTED_EDGE('',*,*,#2458,.F.);
#2458 = EDGE_CURVE('',#2449,#2229,#2459,.T.);
#2459 = LINE('',#2460,#2461);
#2460 = CARTESIAN_POINT('',(-5.795,20.78,4.95));
#2461 = VECTOR('',#2462,1.);
#2462 = DIRECTION('',(0.,1.,0.));
#2463 = PLANE('',#2464);
#2464 = AXIS2_PLACEMENT_3D('',#2465,#2466,#2467);
#2465 = CARTESIAN_POINT('',(-5.945,20.78,4.8));
#2466 = DIRECTION('',(-0.707106781187,0.,0.707106781187));
#2467 = DIRECTION('',(-0.,-1.,-0.));
#2468 = ADVANCED_FACE('',(#2469),#2494,.T.);
#2469 = FACE_BOUND('',#2470,.T.);
#2470 = EDGE_LOOP('',(#2471,#2479,#2480,#2488));
#2471 = ORIENTED_EDGE('',*,*,#2472,.F.);
#2472 = EDGE_CURVE('',#2197,#2473,#2475,.T.);
#2473 = VERTEX_POINT('',#2474);
#2474 = CARTESIAN_POINT('',(12.305,22.38,2.6));
#2475 = LINE('',#2476,#2477);
#2476 = CARTESIAN_POINT('',(15.30875,19.37625,2.6));
#2477 = VECTOR('',#2478,1.);
#2478 = DIRECTION('',(0.707106781187,-0.707106781187,0.));
#2479 = ORIENTED_EDGE('',*,*,#2196,.T.);
#2480 = ORIENTED_EDGE('',*,*,#2481,.T.);
#2481 = EDGE_CURVE('',#2189,#2482,#2484,.T.);
#2482 = VERTEX_POINT('',#2483);
#2483 = CARTESIAN_POINT('',(12.305,22.38,5.024314575051));
#2484 = LINE('',#2485,#2486);
#2485 = CARTESIAN_POINT('',(12.635636087381,22.049363912619,
    4.887360623447));
#2486 = VECTOR('',#2487,1.);
#2487 = DIRECTION('',(0.678598344546,-0.678598344546,-0.281084637715));
#2488 = ORIENTED_EDGE('',*,*,#2489,.F.);
#2489 = EDGE_CURVE('',#2473,#2482,#2490,.T.);
#2490 = LINE('',#2491,#2492);
#2491 = CARTESIAN_POINT('',(12.305,22.38,2.6));
#2492 = VECTOR('',#2493,1.);
#2493 = DIRECTION('',(0.,0.,1.));
#2494 = PLANE('',#2495);
#2495 = AXIS2_PLACEMENT_3D('',#2496,#2497,#2498);
#2496 = CARTESIAN_POINT('',(12.105,22.58,2.6));
#2497 = DIRECTION('',(0.707106781187,0.707106781187,0.));
#2498 = DIRECTION('',(0.,0.,1.));
#2499 = ADVANCED_FACE('',(#2500),#2518,.F.);
#2500 = FACE_BOUND('',#2501,.F.);
#2501 = EDGE_LOOP('',(#2502,#2510,#2516,#2517));
#2502 = ORIENTED_EDGE('',*,*,#2503,.T.);
#2503 = EDGE_CURVE('',#2449,#2504,#2506,.T.);
#2504 = VERTEX_POINT('',#2505);
#2505 = CARTESIAN_POINT('',(5.805,20.78,4.95));
#2506 = LINE('',#2507,#2508);
#2507 = CARTESIAN_POINT('',(-6.095,20.78,4.95));
#2508 = VECTOR('',#2509,1.);
#2509 = DIRECTION('',(1.,0.,0.));
#2510 = ORIENTED_EDGE('',*,*,#2511,.T.);
#2511 = EDGE_CURVE('',#2504,#2221,#2512,.T.);
#2512 = LINE('',#2513,#2514);
#2513 = CARTESIAN_POINT('',(5.805,20.78,4.95));
#2514 = VECTOR('',#2515,1.);
#2515 = DIRECTION('',(0.,1.,0.));
#2516 = ORIENTED_EDGE('',*,*,#2228,.F.);
#2517 = ORIENTED_EDGE('',*,*,#2458,.F.);
#2518 = PLANE('',#2519);
#2519 = AXIS2_PLACEMENT_3D('',#2520,#2521,#2522);
#2520 = CARTESIAN_POINT('',(4.999999999999E-03,21.78,4.95));
#2521 = DIRECTION('',(0.,0.,1.));
#2522 = DIRECTION('',(1.,0.,0.));
#2523 = ADVANCED_FACE('',(#2524),#2622,.F.);
#2524 = FACE_BOUND('',#2525,.F.);
#2525 = EDGE_LOOP('',(#2526,#2527,#2528,#2536,#2544,#2552,#2560,#2568,
    #2576,#2584,#2592,#2600,#2608,#2616));
#2526 = ORIENTED_EDGE('',*,*,#2472,.F.);
#2527 = ORIENTED_EDGE('',*,*,#2204,.F.);
#2528 = ORIENTED_EDGE('',*,*,#2529,.F.);
#2529 = EDGE_CURVE('',#2530,#2205,#2532,.T.);
#2530 = VERTEX_POINT('',#2531);
#2531 = CARTESIAN_POINT('',(6.105,20.78,2.6));
#2532 = LINE('',#2533,#2534);
#2533 = CARTESIAN_POINT('',(6.105,20.78,2.6));
#2534 = VECTOR('',#2535,1.);
#2535 = DIRECTION('',(0.,1.,0.));
#2536 = ORIENTED_EDGE('',*,*,#2537,.T.);
#2537 = EDGE_CURVE('',#2530,#2538,#2540,.T.);
#2538 = VERTEX_POINT('',#2539);
#2539 = CARTESIAN_POINT('',(10.305,20.78,2.6));
#2540 = LINE('',#2541,#2542);
#2541 = CARTESIAN_POINT('',(-12.305,20.78,2.6));
#2542 = VECTOR('',#2543,1.);
#2543 = DIRECTION('',(1.,0.,0.));
#2544 = ORIENTED_EDGE('',*,*,#2545,.T.);
#2545 = EDGE_CURVE('',#2538,#2546,#2548,.T.);
#2546 = VERTEX_POINT('',#2547);
#2547 = CARTESIAN_POINT('',(10.305,5.,2.6));
#2548 = LINE('',#2549,#2550);
#2549 = CARTESIAN_POINT('',(10.305,22.78,2.6));
#2550 = VECTOR('',#2551,1.);
#2551 = DIRECTION('',(0.,-1.,0.));
#2552 = ORIENTED_EDGE('',*,*,#2553,.F.);
#2553 = EDGE_CURVE('',#2554,#2546,#2556,.T.);
#2554 = VERTEX_POINT('',#2555);
#2555 = CARTESIAN_POINT('',(11.305,5.,2.6));
#2556 = LINE('',#2557,#2558);
#2557 = CARTESIAN_POINT('',(11.305,5.,2.6));
#2558 = VECTOR('',#2559,1.);
#2559 = DIRECTION('',(-1.,0.,0.));
#2560 = ORIENTED_EDGE('',*,*,#2561,.F.);
#2561 = EDGE_CURVE('',#2562,#2554,#2564,.T.);
#2562 = VERTEX_POINT('',#2563);
#2563 = CARTESIAN_POINT('',(11.305,-5.,2.6));
#2564 = LINE('',#2565,#2566);
#2565 = CARTESIAN_POINT('',(11.305,-5.,2.6));
#2566 = VECTOR('',#2567,1.);
#2567 = DIRECTION('',(0.,1.,0.));
#2568 = ORIENTED_EDGE('',*,*,#2569,.F.);
#2569 = EDGE_CURVE('',#2570,#2562,#2572,.T.);
#2570 = VERTEX_POINT('',#2571);
#2571 = CARTESIAN_POINT('',(10.305,-5.,2.6));
#2572 = LINE('',#2573,#2574);
#2573 = CARTESIAN_POINT('',(10.305,-5.,2.6));
#2574 = VECTOR('',#2575,1.);
#2575 = DIRECTION('',(1.,0.,0.));
#2576 = ORIENTED_EDGE('',*,*,#2577,.T.);
#2577 = EDGE_CURVE('',#2570,#2578,#2580,.T.);
#2578 = VERTEX_POINT('',#2579);
#2579 = CARTESIAN_POINT('',(10.305,-25.46,2.6));
#2580 = LINE('',#2581,#2582);
#2581 = CARTESIAN_POINT('',(10.305,22.78,2.6));
#2582 = VECTOR('',#2583,1.);
#2583 = DIRECTION('',(0.,-1.,0.));
#2584 = ORIENTED_EDGE('',*,*,#2585,.F.);
#2585 = EDGE_CURVE('',#2586,#2578,#2588,.T.);
#2586 = VERTEX_POINT('',#2587);
#2587 = CARTESIAN_POINT('',(6.665,-25.46,2.6));
#2588 = LINE('',#2589,#2590);
#2589 = CARTESIAN_POINT('',(-12.305,-25.46,2.6));
#2590 = VECTOR('',#2591,1.);
#2591 = DIRECTION('',(1.,2.02E-15,0.));
#2592 = ORIENTED_EDGE('',*,*,#2593,.F.);
#2593 = EDGE_CURVE('',#2594,#2586,#2596,.T.);
#2594 = VERTEX_POINT('',#2595);
#2595 = CARTESIAN_POINT('',(6.665,-27.46,2.6));
#2596 = LINE('',#2597,#2598);
#2597 = CARTESIAN_POINT('',(6.665,-27.46,2.6));
#2598 = VECTOR('',#2599,1.);
#2599 = DIRECTION('',(0.,1.,0.));
#2600 = ORIENTED_EDGE('',*,*,#2601,.T.);
#2601 = EDGE_CURVE('',#2594,#2602,#2604,.T.);
#2602 = VERTEX_POINT('',#2603);
#2603 = CARTESIAN_POINT('',(11.905,-27.46,2.6));
#2604 = LINE('',#2605,#2606);
#2605 = CARTESIAN_POINT('',(-12.305,-27.46,2.6));
#2606 = VECTOR('',#2607,1.);
#2607 = DIRECTION('',(1.,2.02E-15,0.));
#2608 = ORIENTED_EDGE('',*,*,#2609,.T.);
#2609 = EDGE_CURVE('',#2602,#2610,#2612,.T.);
#2610 = VERTEX_POINT('',#2611);
#2611 = CARTESIAN_POINT('',(12.305,-27.06,2.6));
#2612 = LINE('',#2613,#2614);
#2613 = CARTESIAN_POINT('',(15.30875,-24.05625,2.6));
#2614 = VECTOR('',#2615,1.);
#2615 = DIRECTION('',(0.707106781187,0.707106781187,0.));
#2616 = ORIENTED_EDGE('',*,*,#2617,.F.);
#2617 = EDGE_CURVE('',#2473,#2610,#2618,.T.);
#2618 = LINE('',#2619,#2620);
#2619 = CARTESIAN_POINT('',(12.305,22.78,2.6));
#2620 = VECTOR('',#2621,1.);
#2621 = DIRECTION('',(0.,-1.,0.));
#2622 = PLANE('',#2623);
#2623 = AXIS2_PLACEMENT_3D('',#2624,#2625,#2626);
#2624 = CARTESIAN_POINT('',(-4.56E-15,-2.34,2.6));
#2625 = DIRECTION('',(0.,0.,1.));
#2626 = DIRECTION('',(1.,0.,0.));
#2627 = ADVANCED_FACE('',(#2628),#2646,.T.);
#2628 = FACE_BOUND('',#2629,.T.);
#2629 = EDGE_LOOP('',(#2630,#2638,#2639,#2640));
#2630 = ORIENTED_EDGE('',*,*,#2631,.F.);
#2631 = EDGE_CURVE('',#2504,#2632,#2634,.T.);
#2632 = VERTEX_POINT('',#2633);
#2633 = CARTESIAN_POINT('',(6.105,20.78,4.65));
#2634 = LINE('',#2635,#2636);
#2635 = CARTESIAN_POINT('',(1.94,20.78,8.815));
#2636 = VECTOR('',#2637,1.);
#2637 = DIRECTION('',(0.707106781187,0.,-0.707106781187));
#2638 = ORIENTED_EDGE('',*,*,#2511,.T.);
#2639 = ORIENTED_EDGE('',*,*,#2220,.T.);
#2640 = ORIENTED_EDGE('',*,*,#2641,.F.);
#2641 = EDGE_CURVE('',#2632,#2213,#2642,.T.);
#2642 = LINE('',#2643,#2644);
#2643 = CARTESIAN_POINT('',(6.105,20.78,4.65));
#2644 = VECTOR('',#2645,1.);
#2645 = DIRECTION('',(0.,1.,0.));
#2646 = PLANE('',#2647);
#2647 = AXIS2_PLACEMENT_3D('',#2648,#2649,#2650);
#2648 = CARTESIAN_POINT('',(5.955,20.78,4.8));
#2649 = DIRECTION('',(-0.707106781187,0.,-0.707106781187));
#2650 = DIRECTION('',(0.,1.,0.));
#2651 = ADVANCED_FACE('',(#2652),#2663,.T.);
#2652 = FACE_BOUND('',#2653,.T.);
#2653 = EDGE_LOOP('',(#2654,#2660,#2661,#2662));
#2654 = ORIENTED_EDGE('',*,*,#2655,.T.);
#2655 = EDGE_CURVE('',#2530,#2632,#2656,.T.);
#2656 = LINE('',#2657,#2658);
#2657 = CARTESIAN_POINT('',(6.105,20.78,2.6));
#2658 = VECTOR('',#2659,1.);
#2659 = DIRECTION('',(0.,0.,1.));
#2660 = ORIENTED_EDGE('',*,*,#2641,.T.);
#2661 = ORIENTED_EDGE('',*,*,#2212,.F.);
#2662 = ORIENTED_EDGE('',*,*,#2529,.F.);
#2663 = PLANE('',#2664);
#2664 = AXIS2_PLACEMENT_3D('',#2665,#2666,#2667);
#2665 = CARTESIAN_POINT('',(6.105,20.78,2.6));
#2666 = DIRECTION('',(-1.,0.,0.));
#2667 = DIRECTION('',(0.,1.,0.));
#2668 = ADVANCED_FACE('',(#2669),#2700,.F.);
#2669 = FACE_BOUND('',#2670,.F.);
#2670 = EDGE_LOOP('',(#2671,#2672,#2673,#2681,#2689,#2695,#2696,#2697,
    #2698,#2699));
#2671 = ORIENTED_EDGE('',*,*,#2393,.F.);
#2672 = ORIENTED_EDGE('',*,*,#2347,.F.);
#2673 = ORIENTED_EDGE('',*,*,#2674,.F.);
#2674 = EDGE_CURVE('',#2675,#2340,#2677,.T.);
#2675 = VERTEX_POINT('',#2676);
#2676 = CARTESIAN_POINT('',(-10.305,20.78,5.41));
#2677 = LINE('',#2678,#2679);
#2678 = CARTESIAN_POINT('',(-10.305,20.78,2.6));
#2679 = VECTOR('',#2680,1.);
#2680 = DIRECTION('',(0.,0.,-1.));
#2681 = ORIENTED_EDGE('',*,*,#2682,.T.);
#2682 = EDGE_CURVE('',#2675,#2683,#2685,.T.);
#2683 = VERTEX_POINT('',#2684);
#2684 = CARTESIAN_POINT('',(10.305,20.78,5.41));
#2685 = LINE('',#2686,#2687);
#2686 = CARTESIAN_POINT('',(-10.305,20.78,5.41));
#2687 = VECTOR('',#2688,1.);
#2688 = DIRECTION('',(1.,0.,0.));
#2689 = ORIENTED_EDGE('',*,*,#2690,.T.);
#2690 = EDGE_CURVE('',#2683,#2538,#2691,.T.);
#2691 = LINE('',#2692,#2693);
#2692 = CARTESIAN_POINT('',(10.305,20.78,2.6));
#2693 = VECTOR('',#2694,1.);
#2694 = DIRECTION('',(0.,0.,-1.));
#2695 = ORIENTED_EDGE('',*,*,#2537,.F.);
#2696 = ORIENTED_EDGE('',*,*,#2655,.T.);
#2697 = ORIENTED_EDGE('',*,*,#2631,.F.);
#2698 = ORIENTED_EDGE('',*,*,#2503,.F.);
#2699 = ORIENTED_EDGE('',*,*,#2448,.F.);
#2700 = PLANE('',#2701);
#2701 = AXIS2_PLACEMENT_3D('',#2702,#2703,#2704);
#2702 = CARTESIAN_POINT('',(-12.305,20.78,2.6));
#2703 = DIRECTION('',(0.,1.,0.));
#2704 = DIRECTION('',(1.,0.,0.));
#2705 = ADVANCED_FACE('',(#2706),#2747,.T.);
#2706 = FACE_BOUND('',#2707,.T.);
#2707 = EDGE_LOOP('',(#2708,#2709,#2710,#2718,#2726,#2734,#2740,#2741));
#2708 = ORIENTED_EDGE('',*,*,#2339,.F.);
#2709 = ORIENTED_EDGE('',*,*,#2674,.F.);
#2710 = ORIENTED_EDGE('',*,*,#2711,.F.);
#2711 = EDGE_CURVE('',#2712,#2675,#2714,.T.);
#2712 = VERTEX_POINT('',#2713);
#2713 = CARTESIAN_POINT('',(-10.305,-13.,5.41));
#2714 = LINE('',#2715,#2716);
#2715 = CARTESIAN_POINT('',(-10.305,-13.,5.41));
#2716 = VECTOR('',#2717,1.);
#2717 = DIRECTION('',(0.,1.,0.));
#2718 = ORIENTED_EDGE('',*,*,#2719,.F.);
#2719 = EDGE_CURVE('',#2720,#2712,#2722,.T.);
#2720 = VERTEX_POINT('',#2721);
#2721 = CARTESIAN_POINT('',(-10.305,-13.,9.71));
#2722 = LINE('',#2723,#2724);
#2723 = CARTESIAN_POINT('',(-10.305,-13.,9.71));
#2724 = VECTOR('',#2725,1.);
#2725 = DIRECTION('',(0.,0.,-1.));
#2726 = ORIENTED_EDGE('',*,*,#2727,.T.);
#2727 = EDGE_CURVE('',#2720,#2728,#2730,.T.);
#2728 = VERTEX_POINT('',#2729);
#2729 = CARTESIAN_POINT('',(-10.305,-25.46,9.71));
#2730 = LINE('',#2731,#2732);
#2731 = CARTESIAN_POINT('',(-10.305,10.22,9.71));
#2732 = VECTOR('',#2733,1.);
#2733 = DIRECTION('',(0.,-1.,0.));
#2734 = ORIENTED_EDGE('',*,*,#2735,.T.);
#2735 = EDGE_CURVE('',#2728,#2300,#2736,.T.);
#2736 = LINE('',#2737,#2738);
#2737 = CARTESIAN_POINT('',(-10.305,-25.46,2.6));
#2738 = VECTOR('',#2739,1.);
#2739 = DIRECTION('',(0.,0.,-1.));
#2740 = ORIENTED_EDGE('',*,*,#2307,.F.);
#2741 = ORIENTED_EDGE('',*,*,#2742,.F.);
#2742 = EDGE_CURVE('',#2332,#2308,#2743,.T.);
#2743 = LINE('',#2744,#2745);
#2744 = CARTESIAN_POINT('',(-10.305,22.78,2.6));
#2745 = VECTOR('',#2746,1.);
#2746 = DIRECTION('',(0.,-1.,0.));
#2747 = PLANE('',#2748);
#2748 = AXIS2_PLACEMENT_3D('',#2749,#2750,#2751);
#2749 = CARTESIAN_POINT('',(-10.305,22.78,2.6));
#2750 = DIRECTION('',(1.,0.,0.));
#2751 = DIRECTION('',(0.,-1.,0.));
#2752 = ADVANCED_FACE('',(#2753),#2776,.F.);
#2753 = FACE_BOUND('',#2754,.F.);
#2754 = EDGE_LOOP('',(#2755,#2756,#2763,#2771));
#2755 = ORIENTED_EDGE('',*,*,#2331,.T.);
#2756 = ORIENTED_EDGE('',*,*,#2757,.T.);
#2757 = EDGE_CURVE('',#2324,#2758,#2760,.T.);
#2758 = VERTEX_POINT('',#2759);
#2759 = CARTESIAN_POINT('',(-11.23515846101,4.930158461017,0.6));
#2760 = B_SPLINE_CURVE_WITH_KNOTS('',1,(#2761,#2762),.UNSPECIFIED.,.F.,
  .F.,(2,2),(0.,1.),.PIECEWISE_BEZIER_KNOTS.);
#2761 = CARTESIAN_POINT('',(-11.305,5.,2.6));
#2762 = CARTESIAN_POINT('',(-11.23515846101,4.930158461017,0.6));
#2763 = ORIENTED_EDGE('',*,*,#2764,.F.);
#2764 = EDGE_CURVE('',#2765,#2758,#2767,.T.);
#2765 = VERTEX_POINT('',#2766);
#2766 = CARTESIAN_POINT('',(-10.37484153898,4.930158461017,0.6));
#2767 = LINE('',#2768,#2769);
#2768 = CARTESIAN_POINT('',(-10.305,4.930158461017,0.6));
#2769 = VECTOR('',#2770,1.);
#2770 = DIRECTION('',(-1.,0.,0.));
#2771 = ORIENTED_EDGE('',*,*,#2772,.F.);
#2772 = EDGE_CURVE('',#2332,#2765,#2773,.T.);
#2773 = B_SPLINE_CURVE_WITH_KNOTS('',1,(#2774,#2775),.UNSPECIFIED.,.F.,
  .F.,(2,2),(0.,1.),.PIECEWISE_BEZIER_KNOTS.);
#2774 = CARTESIAN_POINT('',(-10.305,5.,2.6));
#2775 = CARTESIAN_POINT('',(-10.37484153898,4.930158461017,0.6));
#2776 = B_SPLINE_SURFACE_WITH_KNOTS('',1,1,(
    (#2777,#2778)
    ,(#2779,#2780
    )),.UNSPECIFIED.,.F.,.F.,.F.,(2,2),(2,2),(0.,1.),(0.,1.),
  .PIECEWISE_BEZIER_KNOTS.);
#2777 = CARTESIAN_POINT('',(-10.305,5.,2.6));
#2778 = CARTESIAN_POINT('',(-10.37484153898,4.930158461017,0.6));
#2779 = CARTESIAN_POINT('',(-11.305,5.,2.6));
#2780 = CARTESIAN_POINT('',(-11.23515846101,4.930158461017,0.6));
#2781 = ADVANCED_FACE('',(#2782),#2799,.F.);
#2782 = FACE_BOUND('',#2783,.F.);
#2783 = EDGE_LOOP('',(#2784,#2785,#2792,#2798));
#2784 = ORIENTED_EDGE('',*,*,#2323,.T.);
#2785 = ORIENTED_EDGE('',*,*,#2786,.T.);
#2786 = EDGE_CURVE('',#2316,#2787,#2789,.T.);
#2787 = VERTEX_POINT('',#2788);
#2788 = CARTESIAN_POINT('',(-11.23515846101,-4.930158461017,0.6));
#2789 = B_SPLINE_CURVE_WITH_KNOTS('',1,(#2790,#2791),.UNSPECIFIED.,.F.,
  .F.,(2,2),(0.,1.),.PIECEWISE_BEZIER_KNOTS.);
#2790 = CARTESIAN_POINT('',(-11.305,-5.,2.6));
#2791 = CARTESIAN_POINT('',(-11.23515846101,-4.930158461017,0.6));
#2792 = ORIENTED_EDGE('',*,*,#2793,.F.);
#2793 = EDGE_CURVE('',#2758,#2787,#2794,.T.);
#2794 = LINE('',#2795,#2796);
#2795 = CARTESIAN_POINT('',(-11.23515846101,5.,0.6));
#2796 = VECTOR('',#2797,1.);
#2797 = DIRECTION('',(0.,-1.,0.));
#2798 = ORIENTED_EDGE('',*,*,#2757,.F.);
#2799 = B_SPLINE_SURFACE_WITH_KNOTS('',1,1,(
    (#2800,#2801)
    ,(#2802,#2803
    )),.UNSPECIFIED.,.F.,.F.,.F.,(2,2),(2,2),(0.,10.),(0.,1.),
  .PIECEWISE_BEZIER_KNOTS.);
#2800 = CARTESIAN_POINT('',(-11.305,5.,2.6));
#2801 = CARTESIAN_POINT('',(-11.23515846101,4.930158461017,0.6));
#2802 = CARTESIAN_POINT('',(-11.305,-5.,2.6));
#2803 = CARTESIAN_POINT('',(-11.23515846101,-4.930158461017,0.6));
#2804 = ADVANCED_FACE('',(#2805),#2822,.F.);
#2805 = FACE_BOUND('',#2806,.F.);
#2806 = EDGE_LOOP('',(#2807,#2808,#2815,#2821));
#2807 = ORIENTED_EDGE('',*,*,#2315,.T.);
#2808 = ORIENTED_EDGE('',*,*,#2809,.T.);
#2809 = EDGE_CURVE('',#2308,#2810,#2812,.T.);
#2810 = VERTEX_POINT('',#2811);
#2811 = CARTESIAN_POINT('',(-10.37484153898,-4.930158461017,0.6));
#2812 = B_SPLINE_CURVE_WITH_KNOTS('',1,(#2813,#2814),.UNSPECIFIED.,.F.,
  .F.,(2,2),(0.,1.),.PIECEWISE_BEZIER_KNOTS.);
#2813 = CARTESIAN_POINT('',(-10.305,-5.,2.6));
#2814 = CARTESIAN_POINT('',(-10.37484153898,-4.930158461017,0.6));
#2815 = ORIENTED_EDGE('',*,*,#2816,.F.);
#2816 = EDGE_CURVE('',#2787,#2810,#2817,.T.);
#2817 = LINE('',#2818,#2819);
#2818 = CARTESIAN_POINT('',(-11.305,-4.930158461017,0.6));
#2819 = VECTOR('',#2820,1.);
#2820 = DIRECTION('',(1.,0.,0.));
#2821 = ORIENTED_EDGE('',*,*,#2786,.F.);
#2822 = B_SPLINE_SURFACE_WITH_KNOTS('',1,1,(
    (#2823,#2824)
    ,(#2825,#2826
    )),.UNSPECIFIED.,.F.,.F.,.F.,(2,2),(2,2),(0.,1.),(0.,1.),
  .PIECEWISE_BEZIER_KNOTS.);
#2823 = CARTESIAN_POINT('',(-11.305,-5.,2.6));
#2824 = CARTESIAN_POINT('',(-11.23515846101,-4.930158461017,0.6));
#2825 = CARTESIAN_POINT('',(-10.305,-5.,2.6));
#2826 = CARTESIAN_POINT('',(-10.37484153898,-4.930158461017,0.6));
#2827 = ADVANCED_FACE('',(#2828),#2885,.T.);
#2828 = FACE_BOUND('',#2829,.T.);
#2829 = EDGE_LOOP('',(#2830,#2838,#2839,#2840,#2848,#2854,#2855,#2863,
    #2871,#2879));
#2830 = ORIENTED_EDGE('',*,*,#2831,.F.);
#2831 = EDGE_CURVE('',#2292,#2832,#2834,.T.);
#2832 = VERTEX_POINT('',#2833);
#2833 = CARTESIAN_POINT('',(-6.665,-25.46,8.33));
#2834 = LINE('',#2835,#2836);
#2835 = CARTESIAN_POINT('',(-6.665,-25.46,2.6));
#2836 = VECTOR('',#2837,1.);
#2837 = DIRECTION('',(0.,0.,1.));
#2838 = ORIENTED_EDGE('',*,*,#2299,.F.);
#2839 = ORIENTED_EDGE('',*,*,#2735,.F.);
#2840 = ORIENTED_EDGE('',*,*,#2841,.T.);
#2841 = EDGE_CURVE('',#2728,#2842,#2844,.T.);
#2842 = VERTEX_POINT('',#2843);
#2843 = CARTESIAN_POINT('',(10.305,-25.46,9.71));
#2844 = LINE('',#2845,#2846);
#2845 = CARTESIAN_POINT('',(-6.1525,-25.46,9.71));
#2846 = VECTOR('',#2847,1.);
#2847 = DIRECTION('',(1.,2.02E-15,0.));
#2848 = ORIENTED_EDGE('',*,*,#2849,.F.);
#2849 = EDGE_CURVE('',#2578,#2842,#2850,.T.);
#2850 = LINE('',#2851,#2852);
#2851 = CARTESIAN_POINT('',(10.305,-25.46,2.6));
#2852 = VECTOR('',#2853,1.);
#2853 = DIRECTION('',(0.,0.,1.));
#2854 = ORIENTED_EDGE('',*,*,#2585,.F.);
#2855 = ORIENTED_EDGE('',*,*,#2856,.T.);
#2856 = EDGE_CURVE('',#2586,#2857,#2859,.T.);
#2857 = VERTEX_POINT('',#2858);
#2858 = CARTESIAN_POINT('',(6.665,-25.46,8.33));
#2859 = LINE('',#2860,#2861);
#2860 = CARTESIAN_POINT('',(6.665,-25.46,2.6));
#2861 = VECTOR('',#2862,1.);
#2862 = DIRECTION('',(0.,0.,1.));
#2863 = ORIENTED_EDGE('',*,*,#2864,.T.);
#2864 = EDGE_CURVE('',#2857,#2865,#2867,.T.);
#2865 = VERTEX_POINT('',#2866);
#2866 = CARTESIAN_POINT('',(6.225,-25.46,8.77));
#2867 = LINE('',#2868,#2869);
#2868 = CARTESIAN_POINT('',(3.245,-25.46,11.75));
#2869 = VECTOR('',#2870,1.);
#2870 = DIRECTION('',(-0.707106781187,-1.43E-15,0.707106781187));
#2871 = ORIENTED_EDGE('',*,*,#2872,.T.);
#2872 = EDGE_CURVE('',#2865,#2873,#2875,.T.);
#2873 = VERTEX_POINT('',#2874);
#2874 = CARTESIAN_POINT('',(-6.225,-25.46,8.77));
#2875 = LINE('',#2876,#2877);
#2876 = CARTESIAN_POINT('',(6.665,-25.46,8.77));
#2877 = VECTOR('',#2878,1.);
#2878 = DIRECTION('',(-1.,-2.4E-15,0.));
#2879 = ORIENTED_EDGE('',*,*,#2880,.F.);
#2880 = EDGE_CURVE('',#2832,#2873,#2881,.T.);
#2881 = LINE('',#2882,#2883);
#2882 = CARTESIAN_POINT('',(-9.3975,-25.46,5.5975));
#2883 = VECTOR('',#2884,1.);
#2884 = DIRECTION('',(0.707106781187,1.43E-15,0.707106781187));
#2885 = PLANE('',#2886);
#2886 = AXIS2_PLACEMENT_3D('',#2887,#2888,#2889);
#2887 = CARTESIAN_POINT('',(-12.305,-25.46,2.6));
#2888 = DIRECTION('',(-2.02E-15,1.,0.));
#2889 = DIRECTION('',(1.,2.02E-15,0.));
#2890 = ADVANCED_FACE('',(#2891),#2909,.F.);
#2891 = FACE_BOUND('',#2892,.F.);
#2892 = EDGE_LOOP('',(#2893,#2901,#2907,#2908));
#2893 = ORIENTED_EDGE('',*,*,#2894,.T.);
#2894 = EDGE_CURVE('',#2284,#2895,#2897,.T.);
#2895 = VERTEX_POINT('',#2896);
#2896 = CARTESIAN_POINT('',(-6.665,-27.46,8.33));
#2897 = LINE('',#2898,#2899);
#2898 = CARTESIAN_POINT('',(-6.665,-27.46,2.6));
#2899 = VECTOR('',#2900,1.);
#2900 = DIRECTION('',(0.,0.,1.));
#2901 = ORIENTED_EDGE('',*,*,#2902,.T.);
#2902 = EDGE_CURVE('',#2895,#2832,#2903,.T.);
#2903 = LINE('',#2904,#2905);
#2904 = CARTESIAN_POINT('',(-6.665,-27.46,8.33));
#2905 = VECTOR('',#2906,1.);
#2906 = DIRECTION('',(0.,1.,0.));
#2907 = ORIENTED_EDGE('',*,*,#2831,.F.);
#2908 = ORIENTED_EDGE('',*,*,#2291,.F.);
#2909 = PLANE('',#2910);
#2910 = AXIS2_PLACEMENT_3D('',#2911,#2912,#2913);
#2911 = CARTESIAN_POINT('',(-6.665,-27.46,2.6));
#2912 = DIRECTION('',(-1.,0.,0.));
#2913 = DIRECTION('',(0.,1.,0.));
#2914 = ADVANCED_FACE('',(#2915),#2972,.F.);
#2915 = FACE_BOUND('',#2916,.F.);
#2916 = EDGE_LOOP('',(#2917,#2927,#2933,#2934,#2942,#2950,#2958,#2964,
    #2965,#2966));
#2917 = ORIENTED_EDGE('',*,*,#2918,.T.);
#2918 = EDGE_CURVE('',#2919,#2921,#2923,.T.);
#2919 = VERTEX_POINT('',#2920);
#2920 = CARTESIAN_POINT('',(-11.905,-27.46,9.01));
#2921 = VERTEX_POINT('',#2922);
#2922 = CARTESIAN_POINT('',(11.905,-27.46,9.01));
#2923 = LINE('',#2924,#2925);
#2924 = CARTESIAN_POINT('',(-12.305,-27.46,9.01));
#2925 = VECTOR('',#2926,1.);
#2926 = DIRECTION('',(1.,2.02E-15,0.));
#2927 = ORIENTED_EDGE('',*,*,#2928,.F.);
#2928 = EDGE_CURVE('',#2602,#2921,#2929,.T.);
#2929 = LINE('',#2930,#2931);
#2930 = CARTESIAN_POINT('',(11.905,-27.46,2.6));
#2931 = VECTOR('',#2932,1.);
#2932 = DIRECTION('',(0.,0.,1.));
#2933 = ORIENTED_EDGE('',*,*,#2601,.F.);
#2934 = ORIENTED_EDGE('',*,*,#2935,.T.);
#2935 = EDGE_CURVE('',#2594,#2936,#2938,.T.);
#2936 = VERTEX_POINT('',#2937);
#2937 = CARTESIAN_POINT('',(6.665,-27.46,8.33));
#2938 = LINE('',#2939,#2940);
#2939 = CARTESIAN_POINT('',(6.665,-27.46,2.6));
#2940 = VECTOR('',#2941,1.);
#2941 = DIRECTION('',(0.,0.,1.));
#2942 = ORIENTED_EDGE('',*,*,#2943,.T.);
#2943 = EDGE_CURVE('',#2936,#2944,#2946,.T.);
#2944 = VERTEX_POINT('',#2945);
#2945 = CARTESIAN_POINT('',(6.225,-27.46,8.77));
#2946 = LINE('',#2947,#2948);
#2947 = CARTESIAN_POINT('',(3.245,-27.46,11.75));
#2948 = VECTOR('',#2949,1.);
#2949 = DIRECTION('',(-0.707106781187,-1.43E-15,0.707106781187));
#2950 = ORIENTED_EDGE('',*,*,#2951,.F.);
#2951 = EDGE_CURVE('',#2952,#2944,#2954,.T.);
#2952 = VERTEX_POINT('',#2953);
#2953 = CARTESIAN_POINT('',(-6.225,-27.46,8.77));
#2954 = LINE('',#2955,#2956);
#2955 = CARTESIAN_POINT('',(-6.665,-27.46,8.77));
#2956 = VECTOR('',#2957,1.);
#2957 = DIRECTION('',(1.,0.,0.));
#2958 = ORIENTED_EDGE('',*,*,#2959,.F.);
#2959 = EDGE_CURVE('',#2895,#2952,#2960,.T.);
#2960 = LINE('',#2961,#2962);
#2961 = CARTESIAN_POINT('',(-9.3975,-27.46,5.5975));
#2962 = VECTOR('',#2963,1.);
#2963 = DIRECTION('',(0.707106781187,1.43E-15,0.707106781187));
#2964 = ORIENTED_EDGE('',*,*,#2894,.F.);
#2965 = ORIENTED_EDGE('',*,*,#2283,.F.);
#2966 = ORIENTED_EDGE('',*,*,#2967,.T.);
#2967 = EDGE_CURVE('',#2276,#2919,#2968,.T.);
#2968 = LINE('',#2969,#2970);
#2969 = CARTESIAN_POINT('',(-11.905,-27.46,2.6));
#2970 = VECTOR('',#2971,1.);
#2971 = DIRECTION('',(0.,0.,1.));
#2972 = PLANE('',#2973);
#2973 = AXIS2_PLACEMENT_3D('',#2974,#2975,#2976);
#2974 = CARTESIAN_POINT('',(-12.305,-27.46,2.6));
#2975 = DIRECTION('',(-2.02E-15,1.,0.));
#2976 = DIRECTION('',(1.,2.02E-15,0.));
#2977 = ADVANCED_FACE('',(#2978),#2996,.F.);
#2978 = FACE_BOUND('',#2979,.T.);
#2979 = EDGE_LOOP('',(#2980,#2981,#2982,#2990));
#2980 = ORIENTED_EDGE('',*,*,#2275,.F.);
#2981 = ORIENTED_EDGE('',*,*,#2967,.T.);
#2982 = ORIENTED_EDGE('',*,*,#2983,.T.);
#2983 = EDGE_CURVE('',#2919,#2984,#2986,.T.);
#2984 = VERTEX_POINT('',#2985);
#2985 = CARTESIAN_POINT('',(-12.305,-27.06,8.844314575051));
#2986 = LINE('',#2987,#2988);
#2987 = CARTESIAN_POINT('',(-12.70053142659,-26.6644685734,8.68048009381
    ));
#2988 = VECTOR('',#2989,1.);
#2989 = DIRECTION('',(-0.678598344546,0.678598344546,-0.281084637715));
#2990 = ORIENTED_EDGE('',*,*,#2991,.F.);
#2991 = EDGE_CURVE('',#2268,#2984,#2992,.T.);
#2992 = LINE('',#2993,#2994);
#2993 = CARTESIAN_POINT('',(-12.305,-27.06,2.6));
#2994 = VECTOR('',#2995,1.);
#2995 = DIRECTION('',(0.,0.,1.));
#2996 = PLANE('',#2997);
#2997 = AXIS2_PLACEMENT_3D('',#2998,#2999,#3000);
#2998 = CARTESIAN_POINT('',(-12.105,-27.26,2.6));
#2999 = DIRECTION('',(0.707106781187,0.707106781187,0.));
#3000 = DIRECTION('',(-0.,-0.,-1.));
#3001 = ADVANCED_FACE('',(#3002),#3045,.T.);
#3002 = FACE_BOUND('',#3003,.T.);
#3003 = EDGE_LOOP('',(#3004,#3005,#3006,#3014,#3022,#3030,#3038,#3044));
#3004 = ORIENTED_EDGE('',*,*,#2267,.T.);
#3005 = ORIENTED_EDGE('',*,*,#2991,.T.);
#3006 = ORIENTED_EDGE('',*,*,#3007,.T.);
#3007 = EDGE_CURVE('',#2984,#3008,#3010,.T.);
#3008 = VERTEX_POINT('',#3009);
#3009 = CARTESIAN_POINT('',(-12.305,-24.59431457505,11.31));
#3010 = LINE('',#3011,#3012);
#3011 = CARTESIAN_POINT('',(-12.305,-27.17715728752,8.727157287525));
#3012 = VECTOR('',#3013,1.);
#3013 = DIRECTION('',(0.,0.707106781187,0.707106781187));
#3014 = ORIENTED_EDGE('',*,*,#3015,.F.);
#3015 = EDGE_CURVE('',#3016,#3008,#3018,.T.);
#3016 = VERTEX_POINT('',#3017);
#3017 = CARTESIAN_POINT('',(-12.305,-11.16568542494,11.31));
#3018 = LINE('',#3019,#3020);
#3019 = CARTESIAN_POINT('',(-12.305,-11.,11.31));
#3020 = VECTOR('',#3021,1.);
#3021 = DIRECTION('',(0.,-1.,0.));
#3022 = ORIENTED_EDGE('',*,*,#3023,.F.);
#3023 = EDGE_CURVE('',#3024,#3016,#3026,.T.);
#3024 = VERTEX_POINT('',#3025);
#3025 = CARTESIAN_POINT('',(-12.305,-6.865685424949,7.01));
#3026 = LINE('',#3027,#3028);
#3027 = CARTESIAN_POINT('',(-12.305,-6.982842712475,7.127157287525));
#3028 = VECTOR('',#3029,1.);
#3029 = DIRECTION('',(0.,-0.707106781187,0.707106781187));
#3030 = ORIENTED_EDGE('',*,*,#3031,.F.);
#3031 = EDGE_CURVE('',#3032,#3024,#3034,.T.);
#3032 = VERTEX_POINT('',#3033);
#3033 = CARTESIAN_POINT('',(-12.305,20.394314575051,7.01));
#3034 = LINE('',#3035,#3036);
#3035 = CARTESIAN_POINT('',(-12.305,20.56,7.01));
#3036 = VECTOR('',#3037,1.);
#3037 = DIRECTION('',(0.,-1.,2.2E-16));
#3038 = ORIENTED_EDGE('',*,*,#3039,.T.);
#3039 = EDGE_CURVE('',#3032,#2372,#3040,.T.);
#3040 = LINE('',#3041,#3042);
#3041 = CARTESIAN_POINT('',(-12.305,20.277157287525,7.127157287525));
#3042 = VECTOR('',#3043,1.);
#3043 = DIRECTION('',(0.,0.707106781187,-0.707106781187));
#3044 = ORIENTED_EDGE('',*,*,#2379,.F.);
#3045 = PLANE('',#3046);
#3046 = AXIS2_PLACEMENT_3D('',#3047,#3048,#3049);
#3047 = CARTESIAN_POINT('',(-12.305,-3.32905329984,5.812240873355));
#3048 = DIRECTION('',(-1.,-0.,-0.));
#3049 = DIRECTION('',(0.,0.,-1.));
#3050 = ADVANCED_FACE('',(#3051),#3062,.F.);
#3051 = FACE_BOUND('',#3052,.T.);
#3052 = EDGE_LOOP('',(#3053,#3059,#3060,#3061));
#3053 = ORIENTED_EDGE('',*,*,#3054,.F.);
#3054 = EDGE_CURVE('',#2420,#3032,#3055,.T.);
#3055 = LINE('',#3056,#3057);
#3056 = CARTESIAN_POINT('',(-12.08919828528,20.483702572068,
    7.225801714712));
#3057 = VECTOR('',#3058,1.);
#3058 = DIRECTION('',(-0.678598344546,-0.281084637715,-0.678598344546));
#3059 = ORIENTED_EDGE('',*,*,#2427,.T.);
#3060 = ORIENTED_EDGE('',*,*,#2371,.T.);
#3061 = ORIENTED_EDGE('',*,*,#3039,.F.);
#3062 = PLANE('',#3063);
#3063 = AXIS2_PLACEMENT_3D('',#3064,#3065,#3066);
#3064 = CARTESIAN_POINT('',(-12.105,20.418578643763,7.268578643763));
#3065 = DIRECTION('',(0.707106781187,-0.5,-0.5));
#3066 = DIRECTION('',(0.,-0.707106781187,0.707106781187));
#3067 = ADVANCED_FACE('',(#3068),#3093,.F.);
#3068 = FACE_BOUND('',#3069,.F.);
#3069 = EDGE_LOOP('',(#3070,#3080,#3086,#3087));
#3070 = ORIENTED_EDGE('',*,*,#3071,.T.);
#3071 = EDGE_CURVE('',#3072,#3074,#3076,.T.);
#3072 = VERTEX_POINT('',#3073);
#3073 = CARTESIAN_POINT('',(11.905,-6.7,7.41));
#3074 = VERTEX_POINT('',#3075);
#3075 = CARTESIAN_POINT('',(-11.905,-6.7,7.41));
#3076 = LINE('',#3077,#3078);
#3077 = CARTESIAN_POINT('',(12.305,-6.7,7.41));
#3078 = VECTOR('',#3079,1.);
#3079 = DIRECTION('',(-1.,-0.,-0.));
#3080 = ORIENTED_EDGE('',*,*,#3081,.F.);
#3081 = EDGE_CURVE('',#2420,#3074,#3082,.T.);
#3082 = LINE('',#3083,#3084);
#3083 = CARTESIAN_POINT('',(-11.905,20.56,7.41));
#3084 = VECTOR('',#3085,1.);
#3085 = DIRECTION('',(0.,-1.,2.2E-16));
#3086 = ORIENTED_EDGE('',*,*,#2417,.F.);
#3087 = ORIENTED_EDGE('',*,*,#3088,.T.);
#3088 = EDGE_CURVE('',#2418,#3072,#3089,.T.);
#3089 = LINE('',#3090,#3091);
#3090 = CARTESIAN_POINT('',(11.905,20.56,7.41));
#3091 = VECTOR('',#3092,1.);
#3092 = DIRECTION('',(0.,-1.,2.2E-16));
#3093 = PLANE('',#3094);
#3094 = AXIS2_PLACEMENT_3D('',#3095,#3096,#3097);
#3095 = CARTESIAN_POINT('',(12.305,22.78,7.41));
#3096 = DIRECTION('',(-0.,-2.2E-16,-1.));
#3097 = DIRECTION('',(-1.,0.,0.));
#3098 = ADVANCED_FACE('',(#3099),#3117,.F.);
#3099 = FACE_BOUND('',#3100,.F.);
#3100 = EDGE_LOOP('',(#3101,#3109,#3110,#3111));
#3101 = ORIENTED_EDGE('',*,*,#3102,.F.);
#3102 = EDGE_CURVE('',#2418,#3103,#3105,.T.);
#3103 = VERTEX_POINT('',#3104);
#3104 = CARTESIAN_POINT('',(12.305,20.394314575051,7.01));
#3105 = LINE('',#3106,#3107);
#3106 = CARTESIAN_POINT('',(12.089198285288,20.483702572068,
    7.225801714712));
#3107 = VECTOR('',#3108,1.);
#3108 = DIRECTION('',(0.678598344546,-0.281084637715,-0.678598344546));
#3109 = ORIENTED_EDGE('',*,*,#2434,.T.);
#3110 = ORIENTED_EDGE('',*,*,#2481,.T.);
#3111 = ORIENTED_EDGE('',*,*,#3112,.F.);
#3112 = EDGE_CURVE('',#3103,#2482,#3113,.T.);
#3113 = LINE('',#3114,#3115);
#3114 = CARTESIAN_POINT('',(12.305,20.277157287525,7.127157287525));
#3115 = VECTOR('',#3116,1.);
#3116 = DIRECTION('',(0.,0.707106781187,-0.707106781187));
#3117 = PLANE('',#3118);
#3118 = AXIS2_PLACEMENT_3D('',#3119,#3120,#3121);
#3119 = CARTESIAN_POINT('',(12.105,20.418578643763,7.268578643763));
#3120 = DIRECTION('',(-0.707106781187,-0.5,-0.5));
#3121 = DIRECTION('',(1.387778780781E-16,0.707106781187,-0.707106781187)
  );
#3122 = ADVANCED_FACE('',(#3123),#3166,.T.);
#3123 = FACE_BOUND('',#3124,.T.);
#3124 = EDGE_LOOP('',(#3125,#3126,#3127,#3128,#3136,#3144,#3152,#3160));
#3125 = ORIENTED_EDGE('',*,*,#2617,.F.);
#3126 = ORIENTED_EDGE('',*,*,#2489,.T.);
#3127 = ORIENTED_EDGE('',*,*,#3112,.F.);
#3128 = ORIENTED_EDGE('',*,*,#3129,.T.);
#3129 = EDGE_CURVE('',#3103,#3130,#3132,.T.);
#3130 = VERTEX_POINT('',#3131);
#3131 = CARTESIAN_POINT('',(12.305,-6.865685424949,7.01));
#3132 = LINE('',#3133,#3134);
#3133 = CARTESIAN_POINT('',(12.305,20.56,7.01));
#3134 = VECTOR('',#3135,1.);
#3135 = DIRECTION('',(0.,-1.,2.2E-16));
#3136 = ORIENTED_EDGE('',*,*,#3137,.F.);
#3137 = EDGE_CURVE('',#3138,#3130,#3140,.T.);
#3138 = VERTEX_POINT('',#3139);
#3139 = CARTESIAN_POINT('',(12.305,-11.16568542494,11.31));
#3140 = LINE('',#3141,#3142);
#3141 = CARTESIAN_POINT('',(12.305,-11.28284271247,11.427157287525));
#3142 = VECTOR('',#3143,1.);
#3143 = DIRECTION('',(0.,0.707106781187,-0.707106781187));
#3144 = ORIENTED_EDGE('',*,*,#3145,.T.);
#3145 = EDGE_CURVE('',#3138,#3146,#3148,.T.);
#3146 = VERTEX_POINT('',#3147);
#3147 = CARTESIAN_POINT('',(12.305,-24.59431457505,11.31));
#3148 = LINE('',#3149,#3150);
#3149 = CARTESIAN_POINT('',(12.305,-11.,11.31));
#3150 = VECTOR('',#3151,1.);
#3151 = DIRECTION('',(0.,-1.,0.));
#3152 = ORIENTED_EDGE('',*,*,#3153,.F.);
#3153 = EDGE_CURVE('',#3154,#3146,#3156,.T.);
#3154 = VERTEX_POINT('',#3155);
#3155 = CARTESIAN_POINT('',(12.305,-27.06,8.844314575051));
#3156 = LINE('',#3157,#3158);
#3157 = CARTESIAN_POINT('',(12.305,-27.17715728752,8.727157287525));
#3158 = VECTOR('',#3159,1.);
#3159 = DIRECTION('',(0.,0.707106781187,0.707106781187));
#3160 = ORIENTED_EDGE('',*,*,#3161,.F.);
#3161 = EDGE_CURVE('',#2610,#3154,#3162,.T.);
#3162 = LINE('',#3163,#3164);
#3163 = CARTESIAN_POINT('',(12.305,-27.06,2.6));
#3164 = VECTOR('',#3165,1.);
#3165 = DIRECTION('',(0.,0.,1.));
#3166 = PLANE('',#3167);
#3167 = AXIS2_PLACEMENT_3D('',#3168,#3169,#3170);
#3168 = CARTESIAN_POINT('',(12.305,-3.32905329984,5.812240873355));
#3169 = DIRECTION('',(1.,0.,0.));
#3170 = DIRECTION('',(0.,0.,1.));
#3171 = ADVANCED_FACE('',(#3172),#3183,.F.);
#3172 = FACE_BOUND('',#3173,.F.);
#3173 = EDGE_LOOP('',(#3174,#3175,#3176,#3182));
#3174 = ORIENTED_EDGE('',*,*,#2609,.F.);
#3175 = ORIENTED_EDGE('',*,*,#2928,.T.);
#3176 = ORIENTED_EDGE('',*,*,#3177,.T.);
#3177 = EDGE_CURVE('',#2921,#3154,#3178,.T.);
#3178 = LINE('',#3179,#3180);
#3179 = CARTESIAN_POINT('',(12.700531426595,-26.6644685734,8.68048009381
    ));
#3180 = VECTOR('',#3181,1.);
#3181 = DIRECTION('',(0.678598344546,0.678598344546,-0.281084637715));
#3182 = ORIENTED_EDGE('',*,*,#3161,.F.);
#3183 = PLANE('',#3184);
#3184 = AXIS2_PLACEMENT_3D('',#3185,#3186,#3187);
#3185 = CARTESIAN_POINT('',(12.105,-27.26,2.6));
#3186 = DIRECTION('',(-0.707106781187,0.707106781187,0.));
#3187 = DIRECTION('',(0.,0.,1.));
#3188 = ADVANCED_FACE('',(#3189),#3200,.T.);
#3189 = FACE_BOUND('',#3190,.T.);
#3190 = EDGE_LOOP('',(#3191,#3192,#3198,#3199));
#3191 = ORIENTED_EDGE('',*,*,#2935,.T.);
#3192 = ORIENTED_EDGE('',*,*,#3193,.T.);
#3193 = EDGE_CURVE('',#2936,#2857,#3194,.T.);
#3194 = LINE('',#3195,#3196);
#3195 = CARTESIAN_POINT('',(6.665,-27.46,8.33));
#3196 = VECTOR('',#3197,1.);
#3197 = DIRECTION('',(0.,1.,0.));
#3198 = ORIENTED_EDGE('',*,*,#2856,.F.);
#3199 = ORIENTED_EDGE('',*,*,#2593,.F.);
#3200 = PLANE('',#3201);
#3201 = AXIS2_PLACEMENT_3D('',#3202,#3203,#3204);
#3202 = CARTESIAN_POINT('',(6.665,-27.46,2.6));
#3203 = DIRECTION('',(-1.,0.,0.));
#3204 = DIRECTION('',(0.,1.,0.));
#3205 = ADVANCED_FACE('',(#3206),#3240,.F.);
#3206 = FACE_BOUND('',#3207,.F.);
#3207 = EDGE_LOOP('',(#3208,#3209,#3210,#3218,#3226,#3232,#3233,#3234));
#3208 = ORIENTED_EDGE('',*,*,#2545,.F.);
#3209 = ORIENTED_EDGE('',*,*,#2690,.F.);
#3210 = ORIENTED_EDGE('',*,*,#3211,.T.);
#3211 = EDGE_CURVE('',#2683,#3212,#3214,.T.);
#3212 = VERTEX_POINT('',#3213);
#3213 = CARTESIAN_POINT('',(10.305,-13.,5.41));
#3214 = LINE('',#3215,#3216);
#3215 = CARTESIAN_POINT('',(10.305,20.78,5.41));
#3216 = VECTOR('',#3217,1.);
#3217 = DIRECTION('',(0.,-1.,0.));
#3218 = ORIENTED_EDGE('',*,*,#3219,.F.);
#3219 = EDGE_CURVE('',#3220,#3212,#3222,.T.);
#3220 = VERTEX_POINT('',#3221);
#3221 = CARTESIAN_POINT('',(10.305,-13.,9.71));
#3222 = LINE('',#3223,#3224);
#3223 = CARTESIAN_POINT('',(10.305,-13.,9.71));
#3224 = VECTOR('',#3225,1.);
#3225 = DIRECTION('',(0.,0.,-1.));
#3226 = ORIENTED_EDGE('',*,*,#3227,.T.);
#3227 = EDGE_CURVE('',#3220,#2842,#3228,.T.);
#3228 = LINE('',#3229,#3230);
#3229 = CARTESIAN_POINT('',(10.305,10.22,9.71));
#3230 = VECTOR('',#3231,1.);
#3231 = DIRECTION('',(0.,-1.,0.));
#3232 = ORIENTED_EDGE('',*,*,#2849,.F.);
#3233 = ORIENTED_EDGE('',*,*,#2577,.F.);
#3234 = ORIENTED_EDGE('',*,*,#3235,.F.);
#3235 = EDGE_CURVE('',#2546,#2570,#3236,.T.);
#3236 = LINE('',#3237,#3238);
#3237 = CARTESIAN_POINT('',(10.305,22.78,2.6));
#3238 = VECTOR('',#3239,1.);
#3239 = DIRECTION('',(0.,-1.,0.));
#3240 = PLANE('',#3241);
#3241 = AXIS2_PLACEMENT_3D('',#3242,#3243,#3244);
#3242 = CARTESIAN_POINT('',(10.305,22.78,2.6));
#3243 = DIRECTION('',(1.,0.,0.));
#3244 = DIRECTION('',(0.,-1.,0.));
#3245 = ADVANCED_FACE('',(#3246),#3269,.F.);
#3246 = FACE_BOUND('',#3247,.F.);
#3247 = EDGE_LOOP('',(#3248,#3249,#3256,#3264));
#3248 = ORIENTED_EDGE('',*,*,#2569,.T.);
#3249 = ORIENTED_EDGE('',*,*,#3250,.T.);
#3250 = EDGE_CURVE('',#2562,#3251,#3253,.T.);
#3251 = VERTEX_POINT('',#3252);
#3252 = CARTESIAN_POINT('',(11.235158461017,-4.930158461017,0.6));
#3253 = B_SPLINE_CURVE_WITH_KNOTS('',1,(#3254,#3255),.UNSPECIFIED.,.F.,
  .F.,(2,2),(0.,1.),.PIECEWISE_BEZIER_KNOTS.);
#3254 = CARTESIAN_POINT('',(11.305,-5.,2.6));
#3255 = CARTESIAN_POINT('',(11.235158461017,-4.930158461017,0.6));
#3256 = ORIENTED_EDGE('',*,*,#3257,.F.);
#3257 = EDGE_CURVE('',#3258,#3251,#3260,.T.);
#3258 = VERTEX_POINT('',#3259);
#3259 = CARTESIAN_POINT('',(10.374841538983,-4.930158461017,0.6));
#3260 = LINE('',#3261,#3262);
#3261 = CARTESIAN_POINT('',(10.305,-4.930158461017,0.6));
#3262 = VECTOR('',#3263,1.);
#3263 = DIRECTION('',(1.,0.,0.));
#3264 = ORIENTED_EDGE('',*,*,#3265,.F.);
#3265 = EDGE_CURVE('',#2570,#3258,#3266,.T.);
#3266 = B_SPLINE_CURVE_WITH_KNOTS('',1,(#3267,#3268),.UNSPECIFIED.,.F.,
  .F.,(2,2),(0.,1.),.PIECEWISE_BEZIER_KNOTS.);
#3267 = CARTESIAN_POINT('',(10.305,-5.,2.6));
#3268 = CARTESIAN_POINT('',(10.374841538983,-4.930158461017,0.6));
#3269 = B_SPLINE_SURFACE_WITH_KNOTS('',1,1,(
    (#3270,#3271)
    ,(#3272,#3273
    )),.UNSPECIFIED.,.F.,.F.,.F.,(2,2),(2,2),(0.,1.),(0.,1.),
  .PIECEWISE_BEZIER_KNOTS.);
#3270 = CARTESIAN_POINT('',(10.305,-5.,2.6));
#3271 = CARTESIAN_POINT('',(10.374841538983,-4.930158461017,0.6));
#3272 = CARTESIAN_POINT('',(11.305,-5.,2.6));
#3273 = CARTESIAN_POINT('',(11.235158461017,-4.930158461017,0.6));
#3274 = ADVANCED_FACE('',(#3275),#3292,.F.);
#3275 = FACE_BOUND('',#3276,.F.);
#3276 = EDGE_LOOP('',(#3277,#3278,#3285,#3291));
#3277 = ORIENTED_EDGE('',*,*,#2561,.T.);
#3278 = ORIENTED_EDGE('',*,*,#3279,.T.);
#3279 = EDGE_CURVE('',#2554,#3280,#3282,.T.);
#3280 = VERTEX_POINT('',#3281);
#3281 = CARTESIAN_POINT('',(11.235158461017,4.930158461017,0.6));
#3282 = B_SPLINE_CURVE_WITH_KNOTS('',1,(#3283,#3284),.UNSPECIFIED.,.F.,
  .F.,(2,2),(0.,1.),.PIECEWISE_BEZIER_KNOTS.);
#3283 = CARTESIAN_POINT('',(11.305,5.,2.6));
#3284 = CARTESIAN_POINT('',(11.235158461017,4.930158461017,0.6));
#3285 = ORIENTED_EDGE('',*,*,#3286,.F.);
#3286 = EDGE_CURVE('',#3251,#3280,#3287,.T.);
#3287 = LINE('',#3288,#3289);
#3288 = CARTESIAN_POINT('',(11.235158461017,-5.,0.6));
#3289 = VECTOR('',#3290,1.);
#3290 = DIRECTION('',(0.,1.,0.));
#3291 = ORIENTED_EDGE('',*,*,#3250,.F.);
#3292 = B_SPLINE_SURFACE_WITH_KNOTS('',1,1,(
    (#3293,#3294)
    ,(#3295,#3296
    )),.UNSPECIFIED.,.F.,.F.,.F.,(2,2),(2,2),(0.,10.),(0.,1.),
  .PIECEWISE_BEZIER_KNOTS.);
#3293 = CARTESIAN_POINT('',(11.305,-5.,2.6));
#3294 = CARTESIAN_POINT('',(11.235158461017,-4.930158461017,0.6));
#3295 = CARTESIAN_POINT('',(11.305,5.,2.6));
#3296 = CARTESIAN_POINT('',(11.235158461017,4.930158461017,0.6));
#3297 = ADVANCED_FACE('',(#3298),#3315,.F.);
#3298 = FACE_BOUND('',#3299,.F.);
#3299 = EDGE_LOOP('',(#3300,#3301,#3308,#3314));
#3300 = ORIENTED_EDGE('',*,*,#2553,.T.);
#3301 = ORIENTED_EDGE('',*,*,#3302,.T.);
#3302 = EDGE_CURVE('',#2546,#3303,#3305,.T.);
#3303 = VERTEX_POINT('',#3304);
#3304 = CARTESIAN_POINT('',(10.374841538983,4.930158461017,0.6));
#3305 = B_SPLINE_CURVE_WITH_KNOTS('',1,(#3306,#3307),.UNSPECIFIED.,.F.,
  .F.,(2,2),(0.,1.),.PIECEWISE_BEZIER_KNOTS.);
#3306 = CARTESIAN_POINT('',(10.305,5.,2.6));
#3307 = CARTESIAN_POINT('',(10.374841538983,4.930158461017,0.6));
#3308 = ORIENTED_EDGE('',*,*,#3309,.F.);
#3309 = EDGE_CURVE('',#3280,#3303,#3310,.T.);
#3310 = LINE('',#3311,#3312);
#3311 = CARTESIAN_POINT('',(11.305,4.930158461017,0.6));
#3312 = VECTOR('',#3313,1.);
#3313 = DIRECTION('',(-1.,0.,0.));
#3314 = ORIENTED_EDGE('',*,*,#3279,.F.);
#3315 = B_SPLINE_SURFACE_WITH_KNOTS('',1,1,(
    (#3316,#3317)
    ,(#3318,#3319
    )),.UNSPECIFIED.,.F.,.F.,.F.,(2,2),(2,2),(0.,1.),(0.,1.),
  .PIECEWISE_BEZIER_KNOTS.);
#3316 = CARTESIAN_POINT('',(11.305,5.,2.6));
#3317 = CARTESIAN_POINT('',(11.235158461017,4.930158461017,0.6));
#3318 = CARTESIAN_POINT('',(10.305,5.,2.6));
#3319 = CARTESIAN_POINT('',(10.374841538983,4.930158461017,0.6));
#3320 = ADVANCED_FACE('',(#3321,#3332),#3343,.F.);
#3321 = FACE_BOUND('',#3322,.F.);
#3322 = EDGE_LOOP('',(#3323,#3329,#3330,#3331));
#3323 = ORIENTED_EDGE('',*,*,#3324,.T.);
#3324 = EDGE_CURVE('',#2712,#3212,#3325,.T.);
#3325 = LINE('',#3326,#3327);
#3326 = CARTESIAN_POINT('',(-10.305,-13.,5.41));
#3327 = VECTOR('',#3328,1.);
#3328 = DIRECTION('',(1.,0.,0.));
#3329 = ORIENTED_EDGE('',*,*,#3211,.F.);
#3330 = ORIENTED_EDGE('',*,*,#2682,.F.);
#3331 = ORIENTED_EDGE('',*,*,#2711,.F.);
#3332 = FACE_BOUND('',#3333,.F.);
#3333 = EDGE_LOOP('',(#3334));
#3334 = ORIENTED_EDGE('',*,*,#3335,.T.);
#3335 = EDGE_CURVE('',#3336,#3336,#3338,.T.);
#3336 = VERTEX_POINT('',#3337);
#3337 = CARTESIAN_POINT('',(9.005,-6.88,5.41));
#3338 = CIRCLE('',#3339,2.5);
#3339 = AXIS2_PLACEMENT_3D('',#3340,#3341,#3342);
#3340 = CARTESIAN_POINT('',(6.505,-6.88,5.41));
#3341 = DIRECTION('',(0.,0.,-1.));
#3342 = DIRECTION('',(1.,0.,0.));
#3343 = PLANE('',#3344);
#3344 = AXIS2_PLACEMENT_3D('',#3345,#3346,#3347);
#3345 = CARTESIAN_POINT('',(0.,3.89,5.41));
#3346 = DIRECTION('',(0.,0.,1.));
#3347 = DIRECTION('',(1.,0.,0.));
#3348 = ADVANCED_FACE('',(#3349),#3360,.F.);
#3349 = FACE_BOUND('',#3350,.F.);
#3350 = EDGE_LOOP('',(#3351,#3352,#3353,#3359));
#3351 = ORIENTED_EDGE('',*,*,#2742,.F.);
#3352 = ORIENTED_EDGE('',*,*,#2772,.T.);
#3353 = ORIENTED_EDGE('',*,*,#3354,.F.);
#3354 = EDGE_CURVE('',#2810,#2765,#3355,.T.);
#3355 = LINE('',#3356,#3357);
#3356 = CARTESIAN_POINT('',(-10.37484153898,-5.,0.6));
#3357 = VECTOR('',#3358,1.);
#3358 = DIRECTION('',(0.,1.,0.));
#3359 = ORIENTED_EDGE('',*,*,#2809,.F.);
#3360 = B_SPLINE_SURFACE_WITH_KNOTS('',1,1,(
    (#3361,#3362)
    ,(#3363,#3364
    )),.UNSPECIFIED.,.F.,.F.,.F.,(2,2),(2,2),(0.,10.),(0.,1.),
  .PIECEWISE_BEZIER_KNOTS.);
#3361 = CARTESIAN_POINT('',(-10.305,-5.,2.6));
#3362 = CARTESIAN_POINT('',(-10.37484153898,-4.930158461017,0.6));
#3363 = CARTESIAN_POINT('',(-10.305,5.,2.6));
#3364 = CARTESIAN_POINT('',(-10.37484153898,4.930158461017,0.6));
#3365 = ADVANCED_FACE('',(#3366),#3377,.F.);
#3366 = FACE_BOUND('',#3367,.F.);
#3367 = EDGE_LOOP('',(#3368,#3374,#3375,#3376));
#3368 = ORIENTED_EDGE('',*,*,#3369,.F.);
#3369 = EDGE_CURVE('',#2720,#3220,#3370,.T.);
#3370 = LINE('',#3371,#3372);
#3371 = CARTESIAN_POINT('',(-10.305,-13.,9.71));
#3372 = VECTOR('',#3373,1.);
#3373 = DIRECTION('',(1.,0.,0.));
#3374 = ORIENTED_EDGE('',*,*,#2727,.T.);
#3375 = ORIENTED_EDGE('',*,*,#2841,.T.);
#3376 = ORIENTED_EDGE('',*,*,#3227,.F.);
#3377 = PLANE('',#3378);
#3378 = AXIS2_PLACEMENT_3D('',#3379,#3380,#3381);
#3379 = CARTESIAN_POINT('',(-4.56E-15,-2.34,9.71));
#3380 = DIRECTION('',(0.,0.,1.));
#3381 = DIRECTION('',(1.,0.,0.));
#3382 = ADVANCED_FACE('',(#3383),#3389,.T.);
#3383 = FACE_BOUND('',#3384,.T.);
#3384 = EDGE_LOOP('',(#3385,#3386,#3387,#3388));
#3385 = ORIENTED_EDGE('',*,*,#2719,.T.);
#3386 = ORIENTED_EDGE('',*,*,#3324,.T.);
#3387 = ORIENTED_EDGE('',*,*,#3219,.F.);
#3388 = ORIENTED_EDGE('',*,*,#3369,.F.);
#3389 = PLANE('',#3390);
#3390 = AXIS2_PLACEMENT_3D('',#3391,#3392,#3393);
#3391 = CARTESIAN_POINT('',(-10.305,-13.,9.71));
#3392 = DIRECTION('',(0.,-1.,0.));
#3393 = DIRECTION('',(1.,0.,0.));
#3394 = ADVANCED_FACE('',(#3395),#3401,.T.);
#3395 = FACE_BOUND('',#3396,.F.);
#3396 = EDGE_LOOP('',(#3397,#3398,#3399,#3400));
#3397 = ORIENTED_EDGE('',*,*,#2793,.T.);
#3398 = ORIENTED_EDGE('',*,*,#2816,.T.);
#3399 = ORIENTED_EDGE('',*,*,#3354,.T.);
#3400 = ORIENTED_EDGE('',*,*,#2764,.T.);
#3401 = PLANE('',#3402);
#3402 = AXIS2_PLACEMENT_3D('',#3403,#3404,#3405);
#3403 = CARTESIAN_POINT('',(-11.23515846101,4.930158461017,0.6));
#3404 = DIRECTION('',(0.,0.,-1.));
#3405 = DIRECTION('',(8.692021430932E-02,-0.996215276105,0.));
#3406 = ADVANCED_FACE('',(#3407),#3418,.F.);
#3407 = FACE_BOUND('',#3408,.T.);
#3408 = EDGE_LOOP('',(#3409,#3410,#3411,#3412));
#3409 = ORIENTED_EDGE('',*,*,#2959,.F.);
#3410 = ORIENTED_EDGE('',*,*,#2902,.T.);
#3411 = ORIENTED_EDGE('',*,*,#2880,.T.);
#3412 = ORIENTED_EDGE('',*,*,#3413,.F.);
#3413 = EDGE_CURVE('',#2952,#2873,#3414,.T.);
#3414 = LINE('',#3415,#3416);
#3415 = CARTESIAN_POINT('',(-6.225,-27.46,8.77));
#3416 = VECTOR('',#3417,1.);
#3417 = DIRECTION('',(0.,1.,0.));
#3418 = PLANE('',#3419);
#3419 = AXIS2_PLACEMENT_3D('',#3420,#3421,#3422);
#3420 = CARTESIAN_POINT('',(-6.445,-27.46,8.55));
#3421 = DIRECTION('',(-0.707106781187,0.,0.707106781187));
#3422 = DIRECTION('',(-0.,-1.,-0.));
#3423 = ADVANCED_FACE('',(#3424),#3435,.F.);
#3424 = FACE_BOUND('',#3425,.F.);
#3425 = EDGE_LOOP('',(#3426,#3427,#3433,#3434));
#3426 = ORIENTED_EDGE('',*,*,#2951,.T.);
#3427 = ORIENTED_EDGE('',*,*,#3428,.T.);
#3428 = EDGE_CURVE('',#2944,#2865,#3429,.T.);
#3429 = LINE('',#3430,#3431);
#3430 = CARTESIAN_POINT('',(6.225,-27.46,8.77));
#3431 = VECTOR('',#3432,1.);
#3432 = DIRECTION('',(0.,1.,0.));
#3433 = ORIENTED_EDGE('',*,*,#2872,.T.);
#3434 = ORIENTED_EDGE('',*,*,#3413,.F.);
#3435 = PLANE('',#3436);
#3436 = AXIS2_PLACEMENT_3D('',#3437,#3438,#3439);
#3437 = CARTESIAN_POINT('',(6.95E-15,-26.46,8.77));
#3438 = DIRECTION('',(0.,0.,1.));
#3439 = DIRECTION('',(1.,0.,0.));
#3440 = ADVANCED_FACE('',(#3441),#3447,.T.);
#3441 = FACE_BOUND('',#3442,.F.);
#3442 = EDGE_LOOP('',(#3443,#3444,#3445,#3446));
#3443 = ORIENTED_EDGE('',*,*,#2943,.F.);
#3444 = ORIENTED_EDGE('',*,*,#3193,.T.);
#3445 = ORIENTED_EDGE('',*,*,#2864,.T.);
#3446 = ORIENTED_EDGE('',*,*,#3428,.F.);
#3447 = PLANE('',#3448);
#3448 = AXIS2_PLACEMENT_3D('',#3449,#3450,#3451);
#3449 = CARTESIAN_POINT('',(6.445,-27.46,8.55));
#3450 = DIRECTION('',(-0.707106781187,0.,-0.707106781187));
#3451 = DIRECTION('',(-0.,-1.,-0.));
#3452 = ADVANCED_FACE('',(#3453),#3478,.F.);
#3453 = FACE_BOUND('',#3454,.T.);
#3454 = EDGE_LOOP('',(#3455,#3456,#3464,#3472));
#3455 = ORIENTED_EDGE('',*,*,#2918,.T.);
#3456 = ORIENTED_EDGE('',*,*,#3457,.T.);
#3457 = EDGE_CURVE('',#2921,#3458,#3460,.T.);
#3458 = VERTEX_POINT('',#3459);
#3459 = CARTESIAN_POINT('',(11.905,-24.76,11.71));
#3460 = LINE('',#3461,#3462);
#3461 = CARTESIAN_POINT('',(11.905,-27.46,9.01));
#3462 = VECTOR('',#3463,1.);
#3463 = DIRECTION('',(0.,0.707106781187,0.707106781187));
#3464 = ORIENTED_EDGE('',*,*,#3465,.F.);
#3465 = EDGE_CURVE('',#3466,#3458,#3468,.T.);
#3466 = VERTEX_POINT('',#3467);
#3467 = CARTESIAN_POINT('',(-11.905,-24.76,11.71));
#3468 = LINE('',#3469,#3470);
#3469 = CARTESIAN_POINT('',(-12.305,-24.76,11.71));
#3470 = VECTOR('',#3471,1.);
#3471 = DIRECTION('',(1.,2.02E-15,0.));
#3472 = ORIENTED_EDGE('',*,*,#3473,.F.);
#3473 = EDGE_CURVE('',#2919,#3466,#3474,.T.);
#3474 = LINE('',#3475,#3476);
#3475 = CARTESIAN_POINT('',(-11.905,-27.46,9.01));
#3476 = VECTOR('',#3477,1.);
#3477 = DIRECTION('',(0.,0.707106781187,0.707106781187));
#3478 = PLANE('',#3479);
#3479 = AXIS2_PLACEMENT_3D('',#3480,#3481,#3482);
#3480 = CARTESIAN_POINT('',(-12.305,-26.11,10.36));
#3481 = DIRECTION('',(-1.52E-15,0.707106781187,-0.707106781187));
#3482 = DIRECTION('',(-1.,-2.084802307404E-15,6.480230740355E-17));
#3483 = ADVANCED_FACE('',(#3484),#3495,.T.);
#3484 = FACE_BOUND('',#3485,.T.);
#3485 = EDGE_LOOP('',(#3486,#3487,#3488,#3494));
#3486 = ORIENTED_EDGE('',*,*,#2983,.F.);
#3487 = ORIENTED_EDGE('',*,*,#3473,.T.);
#3488 = ORIENTED_EDGE('',*,*,#3489,.T.);
#3489 = EDGE_CURVE('',#3466,#3008,#3490,.T.);
#3490 = LINE('',#3491,#3492);
#3491 = CARTESIAN_POINT('',(-13.76567943929,-23.98928134101,
    9.849320560701));
#3492 = VECTOR('',#3493,1.);
#3493 = DIRECTION('',(-0.678598344546,0.281084637715,-0.678598344546));
#3494 = ORIENTED_EDGE('',*,*,#3007,.F.);
#3495 = PLANE('',#3496);
#3496 = AXIS2_PLACEMENT_3D('',#3497,#3498,#3499);
#3497 = CARTESIAN_POINT('',(-12.105,-27.31857864376,8.868578643763));
#3498 = DIRECTION('',(-0.707106781187,-0.5,0.5));
#3499 = DIRECTION('',(1.942890293094E-16,0.707106781187,0.707106781187)
  );
#3500 = ADVANCED_FACE('',(#3501),#3512,.F.);
#3501 = FACE_BOUND('',#3502,.F.);
#3502 = EDGE_LOOP('',(#3503,#3504,#3505,#3511));
#3503 = ORIENTED_EDGE('',*,*,#3054,.F.);
#3504 = ORIENTED_EDGE('',*,*,#3081,.T.);
#3505 = ORIENTED_EDGE('',*,*,#3506,.T.);
#3506 = EDGE_CURVE('',#3074,#3024,#3507,.T.);
#3507 = LINE('',#3508,#3509);
#3508 = CARTESIAN_POINT('',(-9.489363428498,-5.699410570319,
    9.825636571502));
#3509 = VECTOR('',#3510,1.);
#3510 = DIRECTION('',(-0.678598344546,-0.281084637715,-0.678598344546));
#3511 = ORIENTED_EDGE('',*,*,#3031,.F.);
#3512 = PLANE('',#3513);
#3513 = AXIS2_PLACEMENT_3D('',#3514,#3515,#3516);
#3514 = CARTESIAN_POINT('',(-12.105,20.56,7.21));
#3515 = DIRECTION('',(0.707106781187,-1.3E-16,-0.707106781187));
#3516 = DIRECTION('',(1.807611844575E-17,-1.,2.019238815543E-16));
#3517 = ADVANCED_FACE('',(#3518),#3536,.T.);
#3518 = FACE_BOUND('',#3519,.F.);
#3519 = EDGE_LOOP('',(#3520,#3528,#3534,#3535));
#3520 = ORIENTED_EDGE('',*,*,#3521,.F.);
#3521 = EDGE_CURVE('',#3522,#3016,#3524,.T.);
#3522 = VERTEX_POINT('',#3523);
#3523 = CARTESIAN_POINT('',(-11.905,-11.,11.71));
#3524 = LINE('',#3525,#3526);
#3525 = CARTESIAN_POINT('',(-12.66916539357,-11.31652766991,
    10.945834606424));
#3526 = VECTOR('',#3527,1.);
#3527 = DIRECTION('',(-0.678598344546,-0.281084637715,-0.678598344546));
#3528 = ORIENTED_EDGE('',*,*,#3529,.T.);
#3529 = EDGE_CURVE('',#3522,#3466,#3530,.T.);
#3530 = LINE('',#3531,#3532);
#3531 = CARTESIAN_POINT('',(-11.905,-11.,11.71));
#3532 = VECTOR('',#3533,1.);
#3533 = DIRECTION('',(0.,-1.,0.));
#3534 = ORIENTED_EDGE('',*,*,#3489,.T.);
#3535 = ORIENTED_EDGE('',*,*,#3015,.F.);
#3536 = PLANE('',#3537);
#3537 = AXIS2_PLACEMENT_3D('',#3538,#3539,#3540);
#3538 = CARTESIAN_POINT('',(-12.105,-11.,11.51));
#3539 = DIRECTION('',(-0.707106781187,0.,0.707106781187));
#3540 = DIRECTION('',(0.,1.,0.));
#3541 = ADVANCED_FACE('',(#3542),#3553,.F.);
#3542 = FACE_BOUND('',#3543,.F.);
#3543 = EDGE_LOOP('',(#3544,#3545,#3551,#3552));
#3544 = ORIENTED_EDGE('',*,*,#3506,.F.);
#3545 = ORIENTED_EDGE('',*,*,#3546,.T.);
#3546 = EDGE_CURVE('',#3074,#3522,#3547,.T.);
#3547 = LINE('',#3548,#3549);
#3548 = CARTESIAN_POINT('',(-11.905,-6.7,7.41));
#3549 = VECTOR('',#3550,1.);
#3550 = DIRECTION('',(0.,-0.707106781187,0.707106781187));
#3551 = ORIENTED_EDGE('',*,*,#3521,.T.);
#3552 = ORIENTED_EDGE('',*,*,#3023,.F.);
#3553 = PLANE('',#3554);
#3554 = AXIS2_PLACEMENT_3D('',#3555,#3556,#3557);
#3555 = CARTESIAN_POINT('',(-12.105,-6.841421356237,7.268578643763));
#3556 = DIRECTION('',(0.707106781187,-0.5,-0.5));
#3557 = DIRECTION('',(0.,-0.707106781187,0.707106781187));
#3558 = ADVANCED_FACE('',(#3559),#3577,.F.);
#3559 = FACE_BOUND('',#3560,.F.);
#3560 = EDGE_LOOP('',(#3561,#3562,#3570,#3576));
#3561 = ORIENTED_EDGE('',*,*,#3071,.F.);
#3562 = ORIENTED_EDGE('',*,*,#3563,.F.);
#3563 = EDGE_CURVE('',#3564,#3072,#3566,.T.);
#3564 = VERTEX_POINT('',#3565);
#3565 = CARTESIAN_POINT('',(11.905,-11.,11.71));
#3566 = LINE('',#3567,#3568);
#3567 = CARTESIAN_POINT('',(11.905,-11.,11.71));
#3568 = VECTOR('',#3569,1.);
#3569 = DIRECTION('',(0.,0.707106781187,-0.707106781187));
#3570 = ORIENTED_EDGE('',*,*,#3571,.F.);
#3571 = EDGE_CURVE('',#3522,#3564,#3572,.T.);
#3572 = LINE('',#3573,#3574);
#3573 = CARTESIAN_POINT('',(-11.305,-11.,11.71));
#3574 = VECTOR('',#3575,1.);
#3575 = DIRECTION('',(1.,0.,0.));
#3576 = ORIENTED_EDGE('',*,*,#3546,.F.);
#3577 = PLANE('',#3578);
#3578 = AXIS2_PLACEMENT_3D('',#3579,#3580,#3581);
#3579 = CARTESIAN_POINT('',(12.305,-11.,11.71));
#3580 = DIRECTION('',(0.,-0.707106781187,-0.707106781187));
#3581 = DIRECTION('',(0.,0.707106781187,-0.707106781187));
#3582 = ADVANCED_FACE('',(#3583),#3594,.F.);
#3583 = FACE_BOUND('',#3584,.T.);
#3584 = EDGE_LOOP('',(#3585,#3586,#3587,#3593));
#3585 = ORIENTED_EDGE('',*,*,#3102,.F.);
#3586 = ORIENTED_EDGE('',*,*,#3088,.T.);
#3587 = ORIENTED_EDGE('',*,*,#3588,.T.);
#3588 = EDGE_CURVE('',#3072,#3130,#3589,.T.);
#3589 = LINE('',#3590,#3591);
#3590 = CARTESIAN_POINT('',(8.90939632021,-5.459180328336,10.40560367979
    ));
#3591 = VECTOR('',#3592,1.);
#3592 = DIRECTION('',(0.678598344546,-0.281084637715,-0.678598344546));
#3593 = ORIENTED_EDGE('',*,*,#3129,.F.);
#3594 = PLANE('',#3595);
#3595 = AXIS2_PLACEMENT_3D('',#3596,#3597,#3598);
#3596 = CARTESIAN_POINT('',(12.105,20.56,7.21));
#3597 = DIRECTION('',(-0.707106781187,-1.9E-16,-0.707106781187));
#3598 = DIRECTION('',(-2.435028842544E-17,1.,-2.443502884254E-16));
#3599 = ADVANCED_FACE('',(#3600),#3611,.T.);
#3600 = FACE_BOUND('',#3601,.F.);
#3601 = EDGE_LOOP('',(#3602,#3603,#3604,#3610));
#3602 = ORIENTED_EDGE('',*,*,#3177,.F.);
#3603 = ORIENTED_EDGE('',*,*,#3457,.T.);
#3604 = ORIENTED_EDGE('',*,*,#3605,.T.);
#3605 = EDGE_CURVE('',#3458,#3146,#3606,.T.);
#3606 = LINE('',#3607,#3608);
#3607 = CARTESIAN_POINT('',(13.765679439299,-23.98928134101,
    9.849320560701));
#3608 = VECTOR('',#3609,1.);
#3609 = DIRECTION('',(0.678598344546,0.281084637715,-0.678598344546));
#3610 = ORIENTED_EDGE('',*,*,#3153,.F.);
#3611 = PLANE('',#3612);
#3612 = AXIS2_PLACEMENT_3D('',#3613,#3614,#3615);
#3613 = CARTESIAN_POINT('',(12.105,-27.31857864376,8.868578643763));
#3614 = DIRECTION('',(0.707106781187,-0.5,0.5));
#3615 = DIRECTION('',(-5.551115123126E-17,-0.707106781187,
    -0.707106781187));
#3616 = ADVANCED_FACE('',(#3617),#3633,.T.);
#3617 = FACE_BOUND('',#3618,.T.);
#3618 = EDGE_LOOP('',(#3619,#3625,#3631,#3632));
#3619 = ORIENTED_EDGE('',*,*,#3620,.F.);
#3620 = EDGE_CURVE('',#3564,#3138,#3621,.T.);
#3621 = LINE('',#3622,#3623);
#3622 = CARTESIAN_POINT('',(12.089198285288,-11.07629742793,
    11.525801714712));
#3623 = VECTOR('',#3624,1.);
#3624 = DIRECTION('',(0.678598344546,-0.281084637715,-0.678598344546));
#3625 = ORIENTED_EDGE('',*,*,#3626,.T.);
#3626 = EDGE_CURVE('',#3564,#3458,#3627,.T.);
#3627 = LINE('',#3628,#3629);
#3628 = CARTESIAN_POINT('',(11.905,-11.,11.71));
#3629 = VECTOR('',#3630,1.);
#3630 = DIRECTION('',(0.,-1.,0.));
#3631 = ORIENTED_EDGE('',*,*,#3605,.T.);
#3632 = ORIENTED_EDGE('',*,*,#3145,.F.);
#3633 = PLANE('',#3634);
#3634 = AXIS2_PLACEMENT_3D('',#3635,#3636,#3637);
#3635 = CARTESIAN_POINT('',(12.105,-11.,11.51));
#3636 = DIRECTION('',(0.707106781187,0.,0.707106781187));
#3637 = DIRECTION('',(0.,-1.,0.));
#3638 = ADVANCED_FACE('',(#3639),#3645,.F.);
#3639 = FACE_BOUND('',#3640,.F.);
#3640 = EDGE_LOOP('',(#3641,#3642,#3643,#3644));
#3641 = ORIENTED_EDGE('',*,*,#3620,.F.);
#3642 = ORIENTED_EDGE('',*,*,#3563,.T.);
#3643 = ORIENTED_EDGE('',*,*,#3588,.T.);
#3644 = ORIENTED_EDGE('',*,*,#3137,.F.);
#3645 = PLANE('',#3646);
#3646 = AXIS2_PLACEMENT_3D('',#3647,#3648,#3649);
#3647 = CARTESIAN_POINT('',(12.105,-11.14142135623,11.568578643763));
#3648 = DIRECTION('',(-0.707106781187,-0.5,-0.5));
#3649 = DIRECTION('',(0.,0.707106781187,-0.707106781187));
#3650 = ADVANCED_FACE('',(#3651),#3662,.F.);
#3651 = FACE_BOUND('',#3652,.F.);
#3652 = EDGE_LOOP('',(#3653,#3654,#3655,#3661));
#3653 = ORIENTED_EDGE('',*,*,#3235,.T.);
#3654 = ORIENTED_EDGE('',*,*,#3265,.T.);
#3655 = ORIENTED_EDGE('',*,*,#3656,.F.);
#3656 = EDGE_CURVE('',#3303,#3258,#3657,.T.);
#3657 = LINE('',#3658,#3659);
#3658 = CARTESIAN_POINT('',(10.374841538983,5.,0.6));
#3659 = VECTOR('',#3660,1.);
#3660 = DIRECTION('',(0.,-1.,0.));
#3661 = ORIENTED_EDGE('',*,*,#3302,.F.);
#3662 = B_SPLINE_SURFACE_WITH_KNOTS('',1,1,(
    (#3663,#3664)
    ,(#3665,#3666
    )),.UNSPECIFIED.,.F.,.F.,.F.,(2,2),(2,2),(0.,10.),(0.,1.),
  .PIECEWISE_BEZIER_KNOTS.);
#3663 = CARTESIAN_POINT('',(10.305,5.,2.6));
#3664 = CARTESIAN_POINT('',(10.374841538983,4.930158461017,0.6));
#3665 = CARTESIAN_POINT('',(10.305,-5.,2.6));
#3666 = CARTESIAN_POINT('',(10.374841538983,-4.930158461017,0.6));
#3667 = ADVANCED_FACE('',(#3668),#3674,.T.);
#3668 = FACE_BOUND('',#3669,.F.);
#3669 = EDGE_LOOP('',(#3670,#3671,#3672,#3673));
#3670 = ORIENTED_EDGE('',*,*,#3656,.T.);
#3671 = ORIENTED_EDGE('',*,*,#3257,.T.);
#3672 = ORIENTED_EDGE('',*,*,#3286,.T.);
#3673 = ORIENTED_EDGE('',*,*,#3309,.T.);
#3674 = PLANE('',#3675);
#3675 = AXIS2_PLACEMENT_3D('',#3676,#3677,#3678);
#3676 = CARTESIAN_POINT('',(10.374841538983,4.930158461017,0.6));
#3677 = DIRECTION('',(0.,0.,-1.));
#3678 = DIRECTION('',(8.692021430932E-02,-0.996215276105,0.));
#3679 = ADVANCED_FACE('',(#3680),#3699,.T.);
#3680 = FACE_BOUND('',#3681,.T.);
#3681 = EDGE_LOOP('',(#3682,#3690,#3697,#3698));
#3682 = ORIENTED_EDGE('',*,*,#3683,.F.);
#3683 = EDGE_CURVE('',#3684,#3336,#3686,.T.);
#3684 = VERTEX_POINT('',#3685);
#3685 = CARTESIAN_POINT('',(9.005,-6.88,2.9));
#3686 = LINE('',#3687,#3688);
#3687 = CARTESIAN_POINT('',(9.005,-6.88,2.9));
#3688 = VECTOR('',#3689,1.);
#3689 = DIRECTION('',(0.,0.,1.));
#3690 = ORIENTED_EDGE('',*,*,#3691,.F.);
#3691 = EDGE_CURVE('',#3684,#3684,#3692,.T.);
#3692 = CIRCLE('',#3693,2.5);
#3693 = AXIS2_PLACEMENT_3D('',#3694,#3695,#3696);
#3694 = CARTESIAN_POINT('',(6.505,-6.88,2.9));
#3695 = DIRECTION('',(0.,0.,-1.));
#3696 = DIRECTION('',(1.,0.,0.));
#3697 = ORIENTED_EDGE('',*,*,#3683,.T.);
#3698 = ORIENTED_EDGE('',*,*,#3335,.T.);
#3699 = CYLINDRICAL_SURFACE('',#3700,2.5);
#3700 = AXIS2_PLACEMENT_3D('',#3701,#3702,#3703);
#3701 = CARTESIAN_POINT('',(6.505,-6.88,2.9));
#3702 = DIRECTION('',(0.,0.,-1.));
#3703 = DIRECTION('',(1.,0.,0.));
#3704 = ADVANCED_FACE('',(#3705),#3711,.T.);
#3705 = FACE_BOUND('',#3706,.T.);
#3706 = EDGE_LOOP('',(#3707,#3708,#3709,#3710));
#3707 = ORIENTED_EDGE('',*,*,#3465,.T.);
#3708 = ORIENTED_EDGE('',*,*,#3626,.F.);
#3709 = ORIENTED_EDGE('',*,*,#3571,.F.);
#3710 = ORIENTED_EDGE('',*,*,#3529,.T.);
#3711 = PLANE('',#3712);
#3712 = AXIS2_PLACEMENT_3D('',#3713,#3714,#3715);
#3713 = CARTESIAN_POINT('',(-4.56E-15,-2.34,11.71));
#3714 = DIRECTION('',(0.,0.,1.));
#3715 = DIRECTION('',(1.,0.,0.));
#3716 = ADVANCED_FACE('',(#3717,#3720),#3731,.F.);
#3717 = FACE_BOUND('',#3718,.F.);
#3718 = EDGE_LOOP('',(#3719));
#3719 = ORIENTED_EDGE('',*,*,#3691,.F.);
#3720 = FACE_BOUND('',#3721,.F.);
#3721 = EDGE_LOOP('',(#3722));
#3722 = ORIENTED_EDGE('',*,*,#3723,.F.);
#3723 = EDGE_CURVE('',#3724,#3724,#3726,.T.);
#3724 = VERTEX_POINT('',#3725);
#3725 = CARTESIAN_POINT('',(5.305,-6.88,2.9));
#3726 = CIRCLE('',#3727,1.2);
#3727 = AXIS2_PLACEMENT_3D('',#3728,#3729,#3730);
#3728 = CARTESIAN_POINT('',(6.505,-6.88,2.9));
#3729 = DIRECTION('',(0.,0.,1.));
#3730 = DIRECTION('',(-1.,0.,0.));
#3731 = PLANE('',#3732);
#3732 = AXIS2_PLACEMENT_3D('',#3733,#3734,#3735);
#3733 = CARTESIAN_POINT('',(6.505,-6.88,2.9));
#3734 = DIRECTION('',(0.,0.,1.));
#3735 = DIRECTION('',(1.,0.,0.));
#3736 = ADVANCED_FACE('',(#3737),#3756,.F.);
#3737 = FACE_BOUND('',#3738,.T.);
#3738 = EDGE_LOOP('',(#3739,#3740,#3748,#3755));
#3739 = ORIENTED_EDGE('',*,*,#3723,.F.);
#3740 = ORIENTED_EDGE('',*,*,#3741,.T.);
#3741 = EDGE_CURVE('',#3724,#3742,#3744,.T.);
#3742 = VERTEX_POINT('',#3743);
#3743 = CARTESIAN_POINT('',(5.305,-6.88,5.6));
#3744 = LINE('',#3745,#3746);
#3745 = CARTESIAN_POINT('',(5.305,-6.88,-3.4));
#3746 = VECTOR('',#3747,1.);
#3747 = DIRECTION('',(5.E-17,0.,1.));
#3748 = ORIENTED_EDGE('',*,*,#3749,.F.);
#3749 = EDGE_CURVE('',#3742,#3742,#3750,.T.);
#3750 = CIRCLE('',#3751,1.2);
#3751 = AXIS2_PLACEMENT_3D('',#3752,#3753,#3754);
#3752 = CARTESIAN_POINT('',(6.505,-6.88,5.6));
#3753 = DIRECTION('',(0.,0.,-1.));
#3754 = DIRECTION('',(-1.,0.,0.));
#3755 = ORIENTED_EDGE('',*,*,#3741,.F.);
#3756 = CYLINDRICAL_SURFACE('',#3757,1.2);
#3757 = AXIS2_PLACEMENT_3D('',#3758,#3759,#3760);
#3758 = CARTESIAN_POINT('',(6.505,-6.88,-3.4));
#3759 = DIRECTION('',(0.,0.,1.));
#3760 = DIRECTION('',(-1.,0.,0.));
#3761 = ADVANCED_FACE('',(#3762),#3774,.F.);
#3762 = FACE_BOUND('',#3763,.T.);
#3763 = EDGE_LOOP('',(#3764,#3765,#3773));
#3764 = ORIENTED_EDGE('',*,*,#3749,.T.);
#3765 = ORIENTED_EDGE('',*,*,#3766,.T.);
#3766 = EDGE_CURVE('',#3742,#3767,#3769,.T.);
#3767 = VERTEX_POINT('',#3768);
#3768 = CARTESIAN_POINT('',(6.505,-6.88,6.321032742833));
#3769 = LINE('',#3770,#3771);
#3770 = CARTESIAN_POINT('',(5.305,-6.88,5.6));
#3771 = VECTOR('',#3772,1.);
#3772 = DIRECTION('',(0.857167300702,0.,0.51503807491));
#3773 = ORIENTED_EDGE('',*,*,#3766,.F.);
#3774 = CONICAL_SURFACE('',#3775,1.2,1.029744258677);
#3775 = AXIS2_PLACEMENT_3D('',#3776,#3777,#3778);
#3776 = CARTESIAN_POINT('',(6.505,-6.88,5.6));
#3777 = DIRECTION('',(-0.,-0.,-1.));
#3778 = DIRECTION('',(-1.,0.,0.));
#3779 = ( GEOMETRIC_REPRESENTATION_CONTEXT(3) 
GLOBAL_UNCERTAINTY_ASSIGNED_CONTEXT((#3783)) 
GLOBAL_UNIT_ASSIGNED_CONTEXT((#3780,#3781,#3782)) REPRESENTATION_CONTEXT
('Context #1','3D Context with UNIT and UNCERTAINTY') );
#3780 = ( LENGTH_UNIT() NAMED_UNIT(*) SI_UNIT(.MILLI.,.METRE.) );
#3781 = ( NAMED_UNIT(*) PLANE_ANGLE_UNIT() SI_UNIT($,.RADIAN.) );
#3782 = ( NAMED_UNIT(*) SI_UNIT($,.STERADIAN.) SOLID_ANGLE_UNIT() );
#3783 = UNCERTAINTY_MEASURE_WITH_UNIT(LENGTH_MEASURE(1.E-07),#3780,
  'distance_accuracy_value','confusion accuracy');
#3784 = CONTEXT_DEPENDENT_SHAPE_REPRESENTATION(#3785,#3787);
#3785 = ( REPRESENTATION_RELATIONSHIP('','',#2163,#10) 
REPRESENTATION_RELATIONSHIP_WITH_TRANSFORMATION(#3786) 
SHAPE_REPRESENTATION_RELATIONSHIP() );
#3786 = ITEM_DEFINED_TRANSFORMATION('','',#11,#19);
#3787 = PRODUCT_DEFINITION_SHAPE('Placement','Placement of an item',
  #3788);
#3788 = NEXT_ASSEMBLY_USAGE_OCCURRENCE('252','Top','',#5,#2158,$);
#3789 = PRODUCT_RELATED_PRODUCT_CATEGORY('part',$,(#2160));
#3790 = MECHANICAL_DESIGN_GEOMETRIC_PRESENTATION_REPRESENTATION('',(
    #3791),#3779);
#3791 = STYLED_ITEM('color',(#3792),#2164);
#3792 = PRESENTATION_STYLE_ASSIGNMENT((#3793,#3799));
#3793 = SURFACE_STYLE_USAGE(.BOTH.,#3794);
#3794 = SURFACE_SIDE_STYLE('',(#3795));
#3795 = SURFACE_STYLE_FILL_AREA(#3796);
#3796 = FILL_AREA_STYLE('',(#3797));
#3797 = FILL_AREA_STYLE_COLOUR('',#3798);
#3798 = COLOUR_RGB('',0.301960791261,0.301960791261,0.301960791261);
#3799 = CURVE_STYLE('',#3800,POSITIVE_LENGTH_MEASURE(0.1),#3801);
#3800 = DRAUGHTING_PRE_DEFINED_CURVE_FONT('continuous');
#3801 = COLOUR_RGB('',9.803921802644E-02,9.803921802644E-02,
  9.803921802644E-02);
#3802 = MECHANICAL_DESIGN_GEOMETRIC_PRESENTATION_REPRESENTATION('',(
    #3803),#2145);
#3803 = STYLED_ITEM('color',(#3804),#37);
#3804 = PRESENTATION_STYLE_ASSIGNMENT((#3805,#3810));
#3805 = SURFACE_STYLE_USAGE(.BOTH.,#3806);
#3806 = SURFACE_SIDE_STYLE('',(#3807));
#3807 = SURFACE_STYLE_FILL_AREA(#3808);
#3808 = FILL_AREA_STYLE('',(#3809));
#3809 = FILL_AREA_STYLE_COLOUR('',#3798);
#3810 = CURVE_STYLE('',#3811,POSITIVE_LENGTH_MEASURE(0.1),#3801);
#3811 = DRAUGHTING_PRE_DEFINED_CURVE_FONT('continuous');
ENDSEC;
END-ISO-10303-21;
